[2026-08-27 14:23:01,108] [lib.drone_lib] [INFO] [MAV] Connecting to /dev/ttyAMA0 ...
[2026-08-27 14:27:28,366] [lib.drone_lib] [INFO] [MAV] Connecting to tcp:localhost:5762 ...
[2026-08-27 14:27:28,406] [lib.drone_lib] [INFO] [MAV] Heartbeat from system 1, component 0
[2026-08-27 14:27:28,406] [lib.drone_lib] [INFO] [MAV] Telemetry streams requested @ 4.0 Hz. Waiting for GLOBAL_POSITION_INT ...
[2026-08-27 14:27:28,658] [lib.drone_lib] [INFO] [MAV] Position streaming OK. Alt=0.0 m
[2026-08-27 16:05:58,007] [lib.drone_lib] [INFO] [MAV] Connecting to /dev/ttyAMA0 ...
[2026-08-27 16:09:06,886] [lib.drone_lib] [INFO] [MAV] Connecting to tcp:localhost:5762 ...
[2026-08-27 16:09:06,916] [lib.drone_lib] [INFO] [MAV] Heartbeat from system 1, component 0
[2026-08-27 16:09:06,916] [lib.drone_lib] [INFO] [MAV] Telemetry streams requested @ 4.0 Hz. Waiting for GLOBAL_POSITION_INT ...
[2026-08-27 16:09:07,169] [lib.drone_lib] [INFO] [MAV] Position streaming OK. Alt=0.0 m
[2026-08-27 16:09:07,418] [lib.aruco_lib] [INFO] ==========================================
[2026-08-27 16:09:07,418] [lib.aruco_lib] [INFO]        ERC DRONE MISSION BOOTLOADER       
[2026-08-27 16:09:07,418] [lib.aruco_lib] [INFO] ==========================================
[2026-08-27 16:09:07,418] [lib.status] [INFO] No checkpoint found. Initializing fresh state.
[2026-08-27 16:09:07,671] [lib.drone_lib] [INFO] Telemetry Status: Armed=False, Estimated Alt=0.20m
[2026-08-27 16:09:07,672] [lib.aruco_lib] [INFO] Drone is grounded. Normal startup sequence.
[2026-08-27 16:09:07,672] [lib.aruco_lib] [INFO] Ready for launch. Waiting for launch signal...
[2026-08-27 16:09:07,672] [lib.aruco_lib] [INFO] --- Starting Mission ---
[2026-08-27 16:09:07,672] [lib.drone_lib] [INFO] [MAV] Switching to GUIDED ...
[2026-08-27 16:09:08,673] [lib.drone_lib] [INFO] [MAV] Arming ...
[2026-08-27 16:09:08,922] [lib.drone_lib] [INFO] [MAV] Armed.
[2026-08-27 16:09:08,922] [lib.drone_lib] [INFO] [MAV] Taking off to 2.0 m ...
[2026-08-27 16:09:13,969] [lib.drone_lib] [INFO] [MAV] Reached 1.9 m.
[2026-08-27 16:09:18,972] [lib.status] [ERROR] Error saving checkpoint: 'FlightState' object has no attribute 'search_waypoint_idx'
[2026-08-27 16:10:04,993] [lib.drone_lib] [INFO] [MAV] Connecting to tcp:localhost:5762 ...
[2026-08-27 16:10:05,024] [lib.drone_lib] [INFO] [MAV] Heartbeat from system 1, component 0
[2026-08-27 16:10:05,024] [lib.drone_lib] [INFO] [MAV] Telemetry streams requested @ 4.0 Hz. Waiting for GLOBAL_POSITION_INT ...
[2026-08-27 16:10:05,024] [lib.drone_lib] [INFO] [MAV] Position streaming OK. Alt=2.0 m
[2026-08-27 16:10:05,730] [lib.aruco_lib] [INFO] ==========================================
[2026-08-27 16:10:05,731] [lib.aruco_lib] [INFO]        ERC DRONE MISSION BOOTLOADER       
[2026-08-27 16:10:05,731] [lib.aruco_lib] [INFO] ==========================================
[2026-08-27 16:10:05,731] [lib.status] [ERROR] Failed to load checkpoint (FlightState.__init__() got an unexpected keyword argument 'custom_platform_mode'). Falling back to fresh state.
[2026-08-27 16:10:05,732] [lib.drone_lib] [INFO] Telemetry Status: Armed=False, Estimated Alt=2.20m
[2026-08-27 16:10:05,732] [lib.aruco_lib] [INFO] Drone is grounded. Normal startup sequence.
[2026-08-27 16:10:05,732] [lib.aruco_lib] [INFO] Ready for launch. Waiting for launch signal...
[2026-08-27 16:10:05,732] [lib.aruco_lib] [INFO] --- Starting Mission ---
[2026-08-27 16:10:05,732] [lib.drone_lib] [INFO] [MAV] Switching to GUIDED ...
[2026-08-27 16:10:06,733] [lib.drone_lib] [INFO] [MAV] Arming ...
[2026-08-27 16:10:06,734] [lib.drone_lib] [INFO] [MAV] Armed.
[2026-08-27 16:10:06,734] [lib.drone_lib] [INFO] [MAV] Taking off to 2.0 m ...
[2026-08-27 16:10:06,734] [lib.drone_lib] [INFO] [MAV] Reached 2.0 m.
[2026-08-27 16:10:11,740] [lib.status] [ERROR] Error saving checkpoint: 'FlightState' object has no attribute 'search_waypoint_idx'
[2026-08-27 16:10:36,797] [lib.drone_lib] [INFO] [MAV] Connecting to tcp:localhost:5762 ...
[2026-08-27 16:10:36,826] [lib.drone_lib] [INFO] [MAV] Heartbeat from system 1, component 0
[2026-08-27 16:10:36,826] [lib.drone_lib] [INFO] [MAV] Telemetry streams requested @ 4.0 Hz. Waiting for GLOBAL_POSITION_INT ...
[2026-08-27 16:10:36,826] [lib.drone_lib] [INFO] [MAV] Position streaming OK. Alt=2.0 m
[2026-08-27 16:10:36,936] [lib.aruco_lib] [INFO] ==========================================
[2026-08-27 16:10:36,937] [lib.aruco_lib] [INFO]        ERC DRONE MISSION BOOTLOADER       
[2026-08-27 16:10:36,937] [lib.aruco_lib] [INFO] ==========================================
[2026-08-27 16:10:36,937] [lib.status] [ERROR] Failed to load checkpoint (FlightState.__init__() got an unexpected keyword argument 'custom_platform_mode'). Falling back to fresh state.
[2026-08-27 16:10:37,801] [lib.drone_lib] [INFO] Telemetry Status: Armed=False, Estimated Alt=2.20m
[2026-08-27 16:10:37,801] [lib.aruco_lib] [INFO] Drone is grounded. Normal startup sequence.
[2026-08-27 16:10:37,801] [lib.aruco_lib] [INFO] Ready for launch. Waiting for launch signal...
[2026-08-27 16:10:37,801] [lib.aruco_lib] [INFO] --- Starting Mission ---
[2026-08-27 16:10:37,801] [lib.drone_lib] [INFO] [MAV] Switching to GUIDED ...
[2026-08-27 16:10:38,802] [lib.drone_lib] [INFO] [MAV] Arming ...
[2026-08-27 16:10:38,802] [lib.drone_lib] [INFO] [MAV] Armed.
[2026-08-27 16:10:38,802] [lib.drone_lib] [INFO] [MAV] Taking off to 2.0 m ...
[2026-08-27 16:10:38,803] [lib.drone_lib] [INFO] [MAV] Reached 2.0 m.
[2026-08-27 16:10:43,809] [lib.status] [ERROR] Error saving checkpoint: 'FlightState' object has no attribute 'search_waypoint_idx'
[2026-08-27 16:12:16,892] [lib.drone_lib] [INFO] [MAV] Connecting to tcp:localhost:5762 ...
[2026-08-27 16:12:16,922] [lib.drone_lib] [INFO] [MAV] Heartbeat from system 1, component 0
[2026-08-27 16:12:16,922] [lib.drone_lib] [INFO] [MAV] Telemetry streams requested @ 4.0 Hz. Waiting for GLOBAL_POSITION_INT ...
[2026-08-27 16:12:16,922] [lib.drone_lib] [INFO] [MAV] Position streaming OK. Alt=2.0 m
[2026-08-27 16:12:17,734] [lib.aruco_lib] [INFO] ==========================================
[2026-08-27 16:12:17,734] [lib.aruco_lib] [INFO]        ERC DRONE MISSION BOOTLOADER       
[2026-08-27 16:12:17,734] [lib.aruco_lib] [INFO] ==========================================
[2026-08-27 16:12:17,734] [lib.status] [ERROR] Failed to load checkpoint (FlightState.__init__() got an unexpected keyword argument 'custom_platform_mode'). Falling back to fresh state.
[2026-08-27 16:12:17,898] [lib.drone_lib] [INFO] Telemetry Status: Armed=False, Estimated Alt=2.20m
[2026-08-27 16:12:17,898] [lib.aruco_lib] [INFO] Drone is grounded. Normal startup sequence.
[2026-08-27 16:12:17,898] [lib.aruco_lib] [INFO] Ready for launch. Waiting for launch signal...
[2026-08-27 16:12:17,898] [lib.aruco_lib] [INFO] --- Starting Mission ---
[2026-08-27 16:12:17,898] [lib.drone_lib] [INFO] [MAV] Switching to GUIDED ...
[2026-08-27 16:12:18,899] [lib.drone_lib] [INFO] [MAV] Arming ...
[2026-08-27 16:12:18,899] [lib.drone_lib] [INFO] [MAV] Armed.
[2026-08-27 16:12:18,900] [lib.drone_lib] [INFO] [MAV] Taking off to 2.0 m ...
[2026-08-27 16:12:18,900] [lib.drone_lib] [INFO] [MAV] Reached 2.0 m.
[2026-08-27 16:12:23,906] [lib.status] [ERROR] Error saving checkpoint: 'FlightState' object has no attribute 'search_waypoint_idx'
[2026-08-27 16:14:44,234] [lib.drone_lib] [INFO] [MAV] Connecting to tcp:localhost:5762 ...
[2026-08-27 16:14:44,274] [lib.drone_lib] [INFO] [MAV] Heartbeat from system 1, component 0
[2026-08-27 16:14:44,274] [lib.drone_lib] [INFO] [MAV] Telemetry streams requested @ 4.0 Hz. Waiting for GLOBAL_POSITION_INT ...
[2026-08-27 16:14:44,275] [lib.drone_lib] [INFO] [MAV] Position streaming OK. Alt=2.0 m
[2026-08-27 16:14:45,194] [lib.aruco_lib] [INFO] ==========================================
[2026-08-27 16:14:45,194] [lib.aruco_lib] [INFO]        ERC DRONE MISSION BOOTLOADER       
[2026-08-27 16:14:45,194] [lib.aruco_lib] [INFO] ==========================================
[2026-08-27 16:14:45,195] [lib.status] [ERROR] Failed to load checkpoint ('FlightState' object has no attribute 'mission_attempt'). Falling back to fresh state.
[2026-08-27 16:14:45,238] [lib.drone_lib] [INFO] Telemetry Status: Armed=False, Estimated Alt=2.20m
[2026-08-27 16:14:45,238] [lib.aruco_lib] [INFO] Drone is grounded. Normal startup sequence.
[2026-08-27 16:14:45,238] [lib.aruco_lib] [INFO] Ready for launch. Waiting for launch signal...
[2026-08-27 16:14:45,239] [lib.aruco_lib] [INFO] --- Starting Mission ---
[2026-08-27 16:14:45,239] [lib.drone_lib] [INFO] [MAV] Switching to GUIDED ...
[2026-08-27 16:14:46,240] [lib.drone_lib] [INFO] [MAV] Arming ...
[2026-08-27 16:14:46,240] [lib.drone_lib] [INFO] [MAV] Armed.
[2026-08-27 16:14:46,240] [lib.drone_lib] [INFO] [MAV] Taking off to 2.0 m ...
[2026-08-27 16:14:46,241] [lib.drone_lib] [INFO] [MAV] Reached 2.0 m.
[2026-08-27 16:14:51,275] [lib.aruco_lib] [INFO] Detected ArUCO [101] with offset (0.11996322673300651, 0.04796871851299657, 2.006007310316779).
[2026-08-27 16:14:51,275] [lib.aruco_lib] [INFO] Home ArUco (101) detected at camera offset: [0.11996323 0.04796872 2.00600731]
[2026-08-27 16:15:50,883] [lib.drone_lib] [INFO] [MAV] Connecting to tcp:localhost:5762 ...
[2026-08-27 16:15:50,916] [lib.drone_lib] [INFO] [MAV] Heartbeat from system 1, component 0
[2026-08-27 16:15:50,917] [lib.drone_lib] [INFO] [MAV] Telemetry streams requested @ 4.0 Hz. Waiting for GLOBAL_POSITION_INT ...
[2026-08-27 16:15:50,917] [lib.drone_lib] [INFO] [MAV] Position streaming OK. Alt=2.0 m
[2026-08-27 16:15:51,332] [lib.aruco_lib] [INFO] ==========================================
[2026-08-27 16:15:51,332] [lib.aruco_lib] [INFO]        ERC DRONE MISSION BOOTLOADER       
[2026-08-27 16:15:51,332] [lib.aruco_lib] [INFO] ==========================================
[2026-08-27 16:15:51,332] [lib.status] [INFO] Checkpoint loaded: Phase=SEARCHING, SearchWP=0
[2026-08-27 16:15:51,637] [lib.drone_lib] [INFO] Telemetry Status: Armed=False, Estimated Alt=2.20m
[2026-08-27 16:15:51,637] [lib.aruco_lib] [INFO] Drone is grounded. Normal startup sequence.
[2026-08-27 16:15:51,910] [lib.aruco_lib] [INFO] Detected ArUCO [101] with offset (0.12305289218265267, 0.04648357743468359, 2.005429764207657).
[2026-08-27 16:15:51,911] [lib.aruco_lib] [INFO] Home ArUco (101) detected at camera offset: [0.12305289 0.04648358 2.00542976]
[2026-08-27 16:15:52,154] [lib.aruco_lib] [INFO] Detected ArUCO [101] with offset (0.12280269582468092, 0.04793959735660783, 2.0096419790364926).
[2026-08-27 16:15:52,155] [lib.aruco_lib] [INFO] Home ArUco (101) detected at camera offset: [0.1228027  0.0479396  2.00964198]
[2026-08-27 16:15:52,407] [lib.aruco_lib] [INFO] Detected ArUCO [101] with offset (0.12314103928735748, 0.04782811828840791, 2.013212792839594).
[2026-08-27 16:15:52,407] [lib.aruco_lib] [INFO] Home ArUco (101) detected at camera offset: [0.12314104 0.04782812 2.01321279]
[2026-08-27 16:15:52,651] [lib.aruco_lib] [INFO] Detected ArUCO [101] with offset (0.12305289218265267, 0.04648357743468359, 2.005429764207657).
[2026-08-27 16:15:52,651] [lib.aruco_lib] [INFO] Home ArUco (101) detected at camera offset: [0.12305289 0.04648358 2.00542976]
[2026-08-27 16:15:52,902] [lib.aruco_lib] [INFO] Detected ArUCO [101] with offset (0.12358218368464617, 0.04655550242580744, 2.003816331740096).
[2026-08-27 16:15:52,903] [lib.aruco_lib] [INFO] Home ArUco (101) detected at camera offset: [0.12358218 0.0465555  2.00381633]
[2026-08-27 16:15:53,154] [lib.aruco_lib] [INFO] Detected ArUCO [101] with offset (0.12904471223908984, 0.049482162879694445, 2.010422819468216).
[2026-08-27 16:15:53,154] [lib.aruco_lib] [INFO] Home ArUco (101) detected at camera offset: [0.12904471 0.04948216 2.01042282]
[2026-08-27 16:15:53,413] [lib.aruco_lib] [INFO] Detected ArUCO [101] with offset (0.12770696232424222, 0.04958502170798044, 2.0055260502056877).
[2026-08-27 16:15:53,413] [lib.aruco_lib] [INFO] Home ArUco (101) detected at camera offset: [0.12770696 0.04958502 2.00552605]
[2026-08-27 16:15:53,655] [lib.aruco_lib] [INFO] Detected ArUCO [101] with offset (0.12125465761349327, 0.049490759042233594, 2.009540204888526).
[2026-08-27 16:15:53,656] [lib.aruco_lib] [INFO] Home ArUco (101) detected at camera offset: [0.12125466 0.04949076 2.0095402 ]
[2026-08-27 16:15:53,915] [lib.aruco_lib] [INFO] Detected ArUCO [101] with offset (0.11814005532206423, 0.0494934939564584, 2.0091961970727876).
[2026-08-27 16:15:53,915] [lib.aruco_lib] [INFO] Home ArUco (101) detected at camera offset: [0.11814006 0.04949349 2.0091962 ]
[2026-08-27 16:15:54,166] [lib.aruco_lib] [INFO] Detected ArUCO [101] with offset (0.11374392625684991, 0.049583440474340636, 2.005245195053328).
[2026-08-27 16:15:54,166] [lib.aruco_lib] [INFO] Home ArUco (101) detected at camera offset: [0.11374393 0.04958344 2.0052452 ]
[2026-08-27 16:15:54,410] [lib.aruco_lib] [INFO] Detected ArUCO [101] with offset (0.10753803851692603, 0.04803267797034887, 2.005128266328057).
[2026-08-27 16:15:54,410] [lib.aruco_lib] [INFO] Home ArUco (101) detected at camera offset: [0.10753804 0.04803268 2.00512827]
[2026-08-27 16:15:54,659] [lib.aruco_lib] [INFO] Detected ArUCO [101] with offset (0.1059864831965255, 0.04958299909442128, 2.0050977805880295).
[2026-08-27 16:15:54,659] [lib.aruco_lib] [INFO] Home ArUco (101) detected at camera offset: [0.10598648 0.049583   2.00509778]
[2026-08-27 16:15:54,921] [lib.aruco_lib] [INFO] Detected ArUCO [101] with offset (0.10753798209192866, 0.04958305823554852, 2.005126766471313).
[2026-08-27 16:15:54,921] [lib.aruco_lib] [INFO] Home ArUco (101) detected at camera offset: [0.10753798 0.04958306 2.00512677]
[2026-08-27 16:15:55,163] [lib.aruco_lib] [INFO] Detected ArUCO [101] with offset (0.11064096697569756, 0.04958321967298388, 2.0051855838260355).
[2026-08-27 16:15:55,164] [lib.aruco_lib] [INFO] Home ArUco (101) detected at camera offset: [0.11064097 0.04958322 2.00518558]
[2026-08-27 16:15:55,419] [lib.aruco_lib] [INFO] Detected ArUCO [101] with offset (0.11191362062369263, 0.04949797409927094, 2.008526831435969).
[2026-08-27 16:15:55,419] [lib.aruco_lib] [INFO] Home ArUco (101) detected at camera offset: [0.11191362 0.04949797 2.00852683]
[2026-08-27 16:15:55,665] [lib.aruco_lib] [INFO] Detected ArUCO [101] with offset (0.11219946577033744, 0.04800677981683204, 2.0084514221371004).
[2026-08-27 16:15:55,665] [lib.aruco_lib] [INFO] Home ArUco (101) detected at camera offset: [0.11219947 0.04800678 2.00845142]
[2026-08-27 16:15:55,921] [lib.aruco_lib] [INFO] Detected ArUCO [101] with offset (0.11219252875209505, 0.048032931552144095, 2.005216176943736).
[2026-08-27 16:15:55,921] [lib.aruco_lib] [INFO] Home ArUco (101) detected at camera offset: [0.11219253 0.04803293 2.00521618]
[2026-08-27 16:15:56,164] [lib.aruco_lib] [INFO] Detected ArUCO [101] with offset (0.11035760678366816, 0.049498913542794294, 2.008363666190942).
[2026-08-27 16:15:56,164] [lib.aruco_lib] [INFO] Home ArUco (101) detected at camera offset: [0.11035761 0.04949891 2.00836367]
[2026-08-27 16:15:56,422] [lib.aruco_lib] [INFO] Detected ArUCO [101] with offset (0.11064096697569756, 0.04958321967298388, 2.0051855838260355).
[2026-08-27 16:15:56,423] [lib.aruco_lib] [INFO] Home ArUco (101) detected at camera offset: [0.11064097 0.04958322 2.00518558]
[2026-08-27 16:15:56,663] [lib.aruco_lib] [INFO] Detected ArUCO [101] with offset (0.1106415596832527, 0.04954770528587391, 2.00834917431622).
[2026-08-27 16:15:56,663] [lib.aruco_lib] [INFO] Home ArUco (101) detected at camera offset: [0.11064156 0.04954771 2.00834917]
[2026-08-27 16:15:56,916] [lib.aruco_lib] [INFO] Detected ArUCO [101] with offset (0.11042480725540417, 0.05119402240535286, 2.0035712509061474).
[2026-08-27 16:15:56,916] [lib.aruco_lib] [INFO] Home ArUco (101) detected at camera offset: [0.11042481 0.05119402 2.00357125]
[2026-08-27 16:15:57,165] [lib.aruco_lib] [INFO] Detected ArUCO [101] with offset (0.11042480725540417, 0.05119402240535286, 2.0035712509061474).
[2026-08-27 16:15:57,165] [lib.aruco_lib] [INFO] Home ArUco (101) detected at camera offset: [0.11042481 0.05119402 2.00357125]
[2026-08-27 16:15:57,422] [lib.aruco_lib] [INFO] Detected ArUCO [101] with offset (0.11042480725540417, 0.05119402240535286, 2.0035712509061474).
[2026-08-27 16:15:57,423] [lib.aruco_lib] [INFO] Home ArUco (101) detected at camera offset: [0.11042481 0.05119402 2.00357125]
[2026-08-27 16:15:57,665] [lib.aruco_lib] [INFO] Detected ArUCO [101] with offset (0.11064096697569756, 0.04958321967298388, 2.0051855838260355).
[2026-08-27 16:15:57,666] [lib.aruco_lib] [INFO] Home ArUco (101) detected at camera offset: [0.11064097 0.04958322 2.00518558]
[2026-08-27 16:15:57,917] [lib.aruco_lib] [INFO] Detected ArUCO [101] with offset (0.11064096697569756, 0.04958321967298388, 2.0051855838260355).
[2026-08-27 16:15:57,918] [lib.aruco_lib] [INFO] Home ArUco (101) detected at camera offset: [0.11064097 0.04958322 2.00518558]
[2026-08-27 16:15:58,166] [lib.aruco_lib] [INFO] Detected ArUCO [101] with offset (0.1121924480146738, 0.04958332478610311, 2.005215203320267).
[2026-08-27 16:15:58,166] [lib.aruco_lib] [INFO] Home ArUco (101) detected at camera offset: [0.11219245 0.04958332 2.0052152 ]
[2026-08-27 16:15:58,417] [lib.aruco_lib] [INFO] Detected ArUCO [101] with offset (0.1121924480146738, 0.04958332478610311, 2.005215203320267).
[2026-08-27 16:15:58,417] [lib.aruco_lib] [INFO] Home ArUco (101) detected at camera offset: [0.11219245 0.04958332 2.0052152 ]
[2026-08-27 16:15:58,663] [lib.aruco_lib] [INFO] Detected ArUCO [101] with offset (0.1121924480146738, 0.04958332478610311, 2.005215203320267).
[2026-08-27 16:15:58,664] [lib.aruco_lib] [INFO] Home ArUco (101) detected at camera offset: [0.11219245 0.04958332 2.0052152 ]
[2026-08-27 16:15:58,916] [lib.aruco_lib] [INFO] Detected ArUCO [101] with offset (0.11219236925399803, 0.05113369677894931, 2.005214575770396).
[2026-08-27 16:15:58,917] [lib.aruco_lib] [INFO] Home ArUco (101) detected at camera offset: [0.11219237 0.0511337  2.00521458]
[2026-08-27 16:15:59,167] [lib.aruco_lib] [INFO] Detected ArUCO [101] with offset (0.11219220784948387, 0.054234376362158505, 2.0052141806576445).
[2026-08-27 16:15:59,167] [lib.aruco_lib] [INFO] Home ArUco (101) detected at camera offset: [0.11219221 0.05423438 2.00521418]
[2026-08-27 16:15:59,420] [lib.aruco_lib] [INFO] Detected ArUCO [101] with offset (0.11219220784948387, 0.054234376362158505, 2.0052141806576445).
[2026-08-27 16:15:59,420] [lib.aruco_lib] [INFO] Home ArUco (101) detected at camera offset: [0.11219221 0.05423438 2.00521418]
[2026-08-27 16:15:59,667] [lib.aruco_lib] [INFO] Detected ArUCO [101] with offset (0.11219609706898555, 0.0511054465995242, 2.0085721829743513).
[2026-08-27 16:15:59,667] [lib.aruco_lib] [INFO] Home ArUco (101) detected at camera offset: [0.1121961  0.05110545 2.00857218]
[2026-08-27 16:15:59,919] [lib.aruco_lib] [INFO] Detected ArUCO [101] with offset (0.1121978398428044, 0.04955614507414202, 2.0085123202899466).
[2026-08-27 16:15:59,919] [lib.aruco_lib] [INFO] Home ArUco (101) detected at camera offset: [0.11219784 0.04955615 2.00851232]
[2026-08-27 16:16:00,167] [lib.aruco_lib] [INFO] Detected ArUCO [101] with offset (0.11219252875209505, 0.048032931552144095, 2.005216176943736).
[2026-08-27 16:16:00,167] [lib.aruco_lib] [INFO] Home ArUco (101) detected at camera offset: [0.11219253 0.04803293 2.00521618]
[2026-08-27 16:16:00,421] [lib.aruco_lib] [INFO] Detected ArUCO [101] with offset (0.11219252875209505, 0.048032931552144095, 2.005216176943736).
[2026-08-27 16:16:00,421] [lib.aruco_lib] [INFO] Home ArUco (101) detected at camera offset: [0.11219253 0.04803293 2.00521618]
[2026-08-27 16:16:00,667] [lib.aruco_lib] [INFO] Detected ArUCO [101] with offset (0.11219236925399803, 0.05113369677894931, 2.005214575770396).
[2026-08-27 16:16:00,668] [lib.aruco_lib] [INFO] Home ArUco (101) detected at camera offset: [0.11219237 0.0511337  2.00521458]
[2026-08-27 16:16:00,923] [lib.aruco_lib] [INFO] Detected ArUCO [101] with offset (0.11197253165285737, 0.05274119978442916, 2.0036021904006263).
[2026-08-27 16:16:00,923] [lib.aruco_lib] [INFO] Home ArUco (101) detected at camera offset: [0.11197253 0.0527412  2.00360219]
[2026-08-27 16:16:01,172] [lib.aruco_lib] [INFO] Detected ArUCO [101] with offset (0.11197253165285737, 0.05274119978442916, 2.0036021904006263).
[2026-08-27 16:16:01,172] [lib.aruco_lib] [INFO] Home ArUco (101) detected at camera offset: [0.11197253 0.0527412  2.00360219]
[2026-08-27 16:16:01,426] [lib.aruco_lib] [INFO] Detected ArUCO [101] with offset (0.11119753455517785, 0.051193972820187866, 2.00356328931062).
[2026-08-27 16:16:01,426] [lib.aruco_lib] [INFO] Home ArUco (101) detected at camera offset: [0.11119753 0.05119397 2.00356329]
[2026-08-27 16:16:01,673] [lib.aruco_lib] [INFO] Detected ArUCO [101] with offset (0.1121924480146738, 0.04958332478610311, 2.005215203320267).
[2026-08-27 16:16:01,674] [lib.aruco_lib] [INFO] Home ArUco (101) detected at camera offset: [0.11219245 0.04958332 2.0052152 ]
[2026-08-27 16:16:01,926] [lib.aruco_lib] [INFO] Detected ArUCO [101] with offset (0.1121924480146738, 0.04958332478610311, 2.005215203320267).
[2026-08-27 16:16:01,927] [lib.aruco_lib] [INFO] Home ArUco (101) detected at camera offset: [0.11219245 0.04958332 2.0052152 ]
[2026-08-27 16:16:02,174] [lib.aruco_lib] [INFO] Detected ArUCO [101] with offset (0.11274563864120234, 0.04810060466786485, 2.0035905767725803).
[2026-08-27 16:16:02,174] [lib.aruco_lib] [INFO] Home ArUco (101) detected at camera offset: [0.11274564 0.0481006  2.00359058]
[2026-08-27 16:16:02,430] [lib.aruco_lib] [INFO] Detected ArUCO [101] with offset (0.11219252875209505, 0.048032931552144095, 2.005216176943736).
[2026-08-27 16:16:02,430] [lib.aruco_lib] [INFO] Home ArUco (101) detected at camera offset: [0.11219253 0.04803293 2.00521618]
[2026-08-27 16:16:02,676] [lib.aruco_lib] [INFO] Detected ArUCO [101] with offset (0.11219252875209505, 0.048032931552144095, 2.005216176943736).
[2026-08-27 16:16:02,676] [lib.aruco_lib] [INFO] Home ArUco (101) detected at camera offset: [0.11219253 0.04803293 2.00521618]
[2026-08-27 16:16:02,930] [lib.aruco_lib] [INFO] Detected ArUCO [101] with offset (0.11219252875209505, 0.048032931552144095, 2.005216176943736).
[2026-08-27 16:16:02,930] [lib.aruco_lib] [INFO] Home ArUco (101) detected at camera offset: [0.11219253 0.04803293 2.00521618]
[2026-08-27 16:16:03,178] [lib.aruco_lib] [INFO] Detected ArUCO [101] with offset (0.11219252875209505, 0.048032931552144095, 2.005216176943736).
[2026-08-27 16:16:03,178] [lib.aruco_lib] [INFO] Home ArUco (101) detected at camera offset: [0.11219253 0.04803293 2.00521618]
[2026-08-27 16:16:03,431] [lib.aruco_lib] [INFO] Detected ArUCO [101] with offset (0.11374401280393415, 0.04803304434587185, 2.0052459864753045).
[2026-08-27 16:16:03,432] [lib.aruco_lib] [INFO] Home ArUco (101) detected at camera offset: [0.11374401 0.04803304 2.00524599]
[2026-08-27 16:16:03,677] [lib.aruco_lib] [INFO] Detected ArUCO [101] with offset (0.11374401280393415, 0.04803304434587185, 2.0052459864753045).
[2026-08-27 16:16:03,677] [lib.aruco_lib] [INFO] Home ArUco (101) detected at camera offset: [0.11374401 0.04803304 2.00524599]
[2026-08-27 16:16:03,930] [lib.aruco_lib] [INFO] Detected ArUCO [101] with offset (0.11374401280393415, 0.04803304434587185, 2.0052459864753045).
[2026-08-27 16:16:03,930] [lib.aruco_lib] [INFO] Home ArUco (101) detected at camera offset: [0.11374401 0.04803304 2.00524599]
[2026-08-27 16:16:04,177] [lib.aruco_lib] [INFO] Detected ArUCO [101] with offset (0.11375607952919878, 0.0480151681582598, 2.008614946042709).
[2026-08-27 16:16:04,177] [lib.aruco_lib] [INFO] Home ArUco (101) detected at camera offset: [0.11375608 0.04801517 2.00861495]
[2026-08-27 16:16:04,432] [lib.aruco_lib] [INFO] Detected ArUCO [101] with offset (0.11352063604909254, 0.049647738524302897, 2.003627282715947).
[2026-08-27 16:16:04,432] [lib.aruco_lib] [INFO] Home ArUco (101) detected at camera offset: [0.11352064 0.04964774 2.00362728]
[2026-08-27 16:16:04,677] [lib.aruco_lib] [INFO] Detected ArUCO [101] with offset (0.11197262666735444, 0.05119431406859622, 2.0035994022127954).
[2026-08-27 16:16:04,678] [lib.aruco_lib] [INFO] Home ArUco (101) detected at camera offset: [0.11197263 0.05119431 2.0035994 ]
[2026-08-27 16:16:04,929] [lib.aruco_lib] [INFO] Detected ArUCO [101] with offset (0.11119753455517785, 0.051193972820187866, 2.00356328931062).
[2026-08-27 16:16:04,929] [lib.aruco_lib] [INFO] Home ArUco (101) detected at camera offset: [0.11119753 0.05119397 2.00356329]
[2026-08-27 16:16:05,177] [lib.aruco_lib] [INFO] Detected ArUCO [101] with offset (0.1114591196282859, 0.051717244606730314, 2.0129742104463606).
[2026-08-27 16:16:05,177] [lib.aruco_lib] [INFO] Home ArUco (101) detected at camera offset: [0.11145912 0.05171724 2.01297421]
[2026-08-27 16:16:05,434] [lib.aruco_lib] [INFO] Detected ArUCO [101] with offset (0.11197262666735444, 0.05119431406859622, 2.0035994022127954).
[2026-08-27 16:16:05,434] [lib.aruco_lib] [INFO] Home ArUco (101) detected at camera offset: [0.11197263 0.05119431 2.0035994 ]
[2026-08-27 16:16:05,678] [lib.aruco_lib] [INFO] Detected ArUCO [101] with offset (0.1121924480146738, 0.04958332478610311, 2.005215203320267).
[2026-08-27 16:16:05,679] [lib.aruco_lib] [INFO] Home ArUco (101) detected at camera offset: [0.11219245 0.04958332 2.0052152 ]
[2026-08-27 16:16:05,929] [lib.aruco_lib] [INFO] Detected ArUCO [101] with offset (0.11219252875209505, 0.048032931552144095, 2.005216176943736).
[2026-08-27 16:16:05,930] [lib.aruco_lib] [INFO] Home ArUco (101) detected at camera offset: [0.11219253 0.04803293 2.00521618]
[2026-08-27 16:16:06,179] [lib.aruco_lib] [INFO] Detected ArUCO [101] with offset (0.11219252875209505, 0.048032931552144095, 2.005216176943736).
[2026-08-27 16:16:06,179] [lib.aruco_lib] [INFO] Home ArUco (101) detected at camera offset: [0.11219253 0.04803293 2.00521618]
[2026-08-27 16:16:06,431] [lib.aruco_lib] [INFO] Detected ArUCO [101] with offset (0.11375446583801835, 0.049564726724127775, 2.0086772005646956).
[2026-08-27 16:16:06,431] [lib.aruco_lib] [INFO] Home ArUco (101) detected at camera offset: [0.11375447 0.04956473 2.0086772 ]
[2026-08-27 16:16:06,679] [lib.aruco_lib] [INFO] Detected ArUCO [101] with offset (0.11374383933308718, 0.0511338138913706, 2.005244745676822).
[2026-08-27 16:16:06,679] [lib.aruco_lib] [INFO] Home ArUco (101) detected at camera offset: [0.11374384 0.05113381 2.00524475]
[2026-08-27 16:16:06,932] [lib.aruco_lib] [INFO] Detected ArUCO [101] with offset (0.11374383933308718, 0.0511338138913706, 2.005244745676822).
[2026-08-27 16:16:06,932] [lib.aruco_lib] [INFO] Home ArUco (101) detected at camera offset: [0.11374384 0.05113381 2.00524475]
[2026-08-27 16:16:07,180] [lib.aruco_lib] [INFO] Detected ArUCO [101] with offset (0.11374392625684991, 0.049583440474340636, 2.005245195053328).
[2026-08-27 16:16:07,180] [lib.aruco_lib] [INFO] Home ArUco (101) detected at camera offset: [0.11374393 0.04958344 2.0052452 ]
[2026-08-27 16:16:07,434] [lib.aruco_lib] [INFO] Detected ArUCO [101] with offset (0.11374392625684991, 0.049583440474340636, 2.005245195053328).
[2026-08-27 16:16:07,435] [lib.aruco_lib] [INFO] Home ArUco (101) detected at camera offset: [0.11374393 0.04958344 2.0052452 ]
[2026-08-27 16:16:07,679] [lib.aruco_lib] [INFO] Detected ArUCO [101] with offset (0.11274563864120234, 0.04810060466786485, 2.0035905767725803).
[2026-08-27 16:16:07,679] [lib.aruco_lib] [INFO] Home ArUco (101) detected at camera offset: [0.11274564 0.0481006  2.00359058]
[2026-08-27 16:16:07,936] [lib.aruco_lib] [INFO] Detected ArUCO [101] with offset (0.11374401280393415, 0.04803304434587185, 2.0052459864753045).
[2026-08-27 16:16:07,936] [lib.aruco_lib] [INFO] Home ArUco (101) detected at camera offset: [0.11374401 0.04803304 2.00524599]
[2026-08-27 16:16:08,181] [lib.aruco_lib] [INFO] Detected ArUCO [101] with offset (0.11374392625684991, 0.049583440474340636, 2.005245195053328).
[2026-08-27 16:16:08,181] [lib.aruco_lib] [INFO] Home ArUco (101) detected at camera offset: [0.11374393 0.04958344 2.0052452 ]
[2026-08-27 16:16:08,437] [lib.aruco_lib] [INFO] Detected ArUCO [101] with offset (0.1143125251982718, 0.05125307064121826, 1.9980584395660765).
[2026-08-27 16:16:08,437] [lib.aruco_lib] [INFO] Home ArUco (101) detected at camera offset: [0.11431253 0.05125307 1.99805844]
[2026-08-27 16:16:08,682] [lib.aruco_lib] [INFO] Detected ArUCO [101] with offset (0.11530970105816218, 0.05112315097071804, 2.0089063589428333).
[2026-08-27 16:16:08,682] [lib.aruco_lib] [INFO] Home ArUco (101) detected at camera offset: [0.1153097  0.05112315 2.00890636]
[2026-08-27 16:16:08,966] [lib.aruco_lib] [INFO] Detected ArUCO [101] with offset (0.11374383933308718, 0.0511338138913706, 2.005244745676822).
[2026-08-27 16:16:08,967] [lib.aruco_lib] [INFO] Home ArUco (101) detected at camera offset: [0.11374384 0.05113381 2.00524475]
[2026-08-27 16:16:09,212] [lib.aruco_lib] [INFO] Detected ArUCO [101] with offset (0.11276889867979428, 0.04971150045449724, 1.9980306812449986).
[2026-08-27 16:16:09,212] [lib.aruco_lib] [INFO] Home ArUco (101) detected at camera offset: [0.1127689  0.0497115  1.99803068]
[2026-08-27 16:16:09,465] [lib.aruco_lib] [INFO] Detected ArUCO [101] with offset (0.11191362062369263, 0.04949797409927094, 2.008526831435969).
[2026-08-27 16:16:09,465] [lib.aruco_lib] [INFO] Home ArUco (101) detected at camera offset: [0.11191362 0.04949797 2.00852683]
[2026-08-27 16:16:09,712] [lib.aruco_lib] [INFO] Detected ArUCO [101] with offset (0.11374392625684991, 0.049583440474340636, 2.005245195053328).
[2026-08-27 16:16:09,713] [lib.aruco_lib] [INFO] Home ArUco (101) detected at camera offset: [0.11374393 0.04958344 2.0052452 ]
[2026-08-27 16:16:09,965] [lib.aruco_lib] [INFO] Detected ArUCO [101] with offset (0.11374383933308718, 0.0511338138913706, 2.005244745676822).
[2026-08-27 16:16:09,966] [lib.aruco_lib] [INFO] Home ArUco (101) detected at camera offset: [0.11374384 0.05113381 2.00524475]
[2026-08-27 16:16:10,215] [lib.aruco_lib] [INFO] Detected ArUCO [101] with offset (0.11375085774136866, 0.05266364503161405, 2.0087984784612933).
[2026-08-27 16:16:10,215] [lib.aruco_lib] [INFO] Home ArUco (101) detected at camera offset: [0.11375086 0.05266365 2.00879848]
[2026-08-27 16:16:10,467] [lib.aruco_lib] [INFO] Detected ArUCO [101] with offset (0.11274528025346081, 0.0527411427327524, 2.0035947050321083).
[2026-08-27 16:16:10,468] [lib.aruco_lib] [INFO] Home ArUco (101) detected at camera offset: [0.11274528 0.05274114 2.00359471]
[2026-08-27 16:16:10,714] [lib.aruco_lib] [INFO] Detected ArUCO [101] with offset (0.11274536057520804, 0.05119426396516423, 2.0035918491250855).
[2026-08-27 16:16:10,714] [lib.aruco_lib] [INFO] Home ArUco (101) detected at camera offset: [0.11274536 0.05119426 2.00359185]
[2026-08-27 16:16:10,966] [lib.aruco_lib] [INFO] Detected ArUCO [101] with offset (0.11374383933308718, 0.0511338138913706, 2.005244745676822).
[2026-08-27 16:16:10,967] [lib.aruco_lib] [INFO] Home ArUco (101) detected at camera offset: [0.11374384 0.05113381 2.00524475]
[2026-08-27 16:16:11,216] [lib.aruco_lib] [INFO] Detected ArUCO [101] with offset (0.11346987135428106, 0.0494969677584687, 2.0086916617592987).
[2026-08-27 16:16:11,216] [lib.aruco_lib] [INFO] Home ArUco (101) detected at camera offset: [0.11346987 0.04949697 2.00869166]
[2026-08-27 16:16:11,467] [lib.aruco_lib] [INFO] Detected ArUCO [101] with offset (0.11374401280393415, 0.04803304434587185, 2.0052459864753045).
[2026-08-27 16:16:11,468] [lib.aruco_lib] [INFO] Home ArUco (101) detected at camera offset: [0.11374401 0.04803304 2.00524599]
[2026-08-27 16:16:11,716] [lib.aruco_lib] [INFO] Detected ArUCO [101] with offset (0.1142935473762296, 0.04810085876784817, 2.0036206889896966).
[2026-08-27 16:16:11,716] [lib.aruco_lib] [INFO] Home ArUco (101) detected at camera offset: [0.11429355 0.04810086 2.00362069]
[2026-08-27 16:16:11,973] [lib.aruco_lib] [INFO] Detected ArUCO [101] with offset (0.11374392625684991, 0.049583440474340636, 2.005245195053328).
[2026-08-27 16:16:11,974] [lib.aruco_lib] [INFO] Home ArUco (101) detected at camera offset: [0.11374393 0.04958344 2.0052452 ]
[2026-08-27 16:16:12,216] [lib.aruco_lib] [INFO] Detected ArUCO [101] with offset (0.11374383933308718, 0.0511338138913706, 2.005244745676822).
[2026-08-27 16:16:12,216] [lib.aruco_lib] [INFO] Home ArUco (101) detected at camera offset: [0.11374384 0.05113381 2.00524475]
[2026-08-27 16:16:12,470] [lib.aruco_lib] [INFO] Detected ArUCO [101] with offset (0.11352048602010062, 0.05119460349750334, 2.0036282443906424).
[2026-08-27 16:16:12,471] [lib.aruco_lib] [INFO] Home ArUco (101) detected at camera offset: [0.11352049 0.0511946  2.00362824]
[2026-08-27 16:16:12,724] [lib.aruco_lib] [INFO] Detected ArUCO [101] with offset (0.11274547642938804, 0.049647417857411745, 2.0035904200236225).
[2026-08-27 16:16:12,725] [lib.aruco_lib] [INFO] Home ArUco (101) detected at camera offset: [0.11274548 0.04964742 2.00359042]
[2026-08-27 16:16:12,977] [lib.aruco_lib] [INFO] Detected ArUCO [101] with offset (0.11191362062369263, 0.04949797409927094, 2.008526831435969).
[2026-08-27 16:16:12,977] [lib.aruco_lib] [INFO] Home ArUco (101) detected at camera offset: [0.11191362 0.04949797 2.00852683]
[2026-08-27 16:16:13,218] [lib.aruco_lib] [INFO] Detected ArUCO [101] with offset (0.11352083063162874, 0.048100903465410606, 2.003627914150522).
[2026-08-27 16:16:13,219] [lib.aruco_lib] [INFO] Home ArUco (101) detected at camera offset: [0.11352083 0.0481009  2.00362791]
[2026-08-27 16:16:13,470] [lib.aruco_lib] [INFO] Detected ArUCO [101] with offset (0.11506876887301955, 0.04810116238051142, 2.003658098344139).
[2026-08-27 16:16:13,470] [lib.aruco_lib] [INFO] Home ArUco (101) detected at camera offset: [0.11506877 0.04810116 2.0036581 ]
[2026-08-27 16:16:13,719] [lib.aruco_lib] [INFO] Detected ArUCO [101] with offset (0.11684695877436788, 0.04803331364666515, 2.005306120018787).
[2026-08-27 16:16:13,719] [lib.aruco_lib] [INFO] Home ArUco (101) detected at camera offset: [0.11684696 0.04803331 2.00530612]
[2026-08-27 16:16:13,971] [lib.aruco_lib] [INFO] Detected ArUCO [101] with offset (0.11684695877436788, 0.04803331364666515, 2.005306120018787).
[2026-08-27 16:16:13,972] [lib.aruco_lib] [INFO] Home ArUco (101) detected at camera offset: [0.11684696 0.04803331 2.00530612]
[2026-08-27 16:16:14,218] [lib.aruco_lib] [INFO] Detected ArUCO [101] with offset (0.11502636497149042, 0.04949588825903642, 2.008858170619361).
[2026-08-27 16:16:14,219] [lib.aruco_lib] [INFO] Home ArUco (101) detected at camera offset: [0.11502636 0.04949589 2.00885817]
[2026-08-27 16:16:14,478] [lib.aruco_lib] [INFO] Detected ArUCO [101] with offset (0.11531143603747684, 0.04957345618471739, 2.0088437386124247).
[2026-08-27 16:16:14,479] [lib.aruco_lib] [INFO] Home ArUco (101) detected at camera offset: [0.11531144 0.04957346 2.00884374]
[2026-08-27 16:16:17,070] [lib.aruco_lib] [INFO] Detected ArUCO [101] with offset (0.11358748028963034, 0.05013393409074569, 2.005606110651673).
[2026-08-27 16:16:17,070] [lib.aruco_lib] [INFO] Home ArUco (101) detected at camera offset: [0.11358748 0.05013393 2.00560611]
[2026-08-27 16:16:17,323] [lib.aruco_lib] [INFO] Detected ArUCO [101] with offset (0.11274547642938804, 0.049647417857411745, 2.0035904200236225).
[2026-08-27 16:16:17,324] [lib.aruco_lib] [INFO] Home ArUco (101) detected at camera offset: [0.11274548 0.04964742 2.00359042]
[2026-08-27 16:16:17,570] [lib.aruco_lib] [INFO] Detected ArUCO [101] with offset (0.1121924480146738, 0.04958332478610311, 2.005215203320267).
[2026-08-27 16:16:17,570] [lib.aruco_lib] [INFO] Home ArUco (101) detected at camera offset: [0.11219245 0.04958332 2.0052152 ]
[2026-08-27 16:16:17,823] [lib.aruco_lib] [INFO] Detected ArUCO [101] with offset (0.1121924480146738, 0.04958332478610311, 2.005215203320267).
[2026-08-27 16:16:17,823] [lib.aruco_lib] [INFO] Home ArUco (101) detected at camera offset: [0.11219245 0.04958332 2.0052152 ]
[2026-08-27 16:16:18,071] [lib.aruco_lib] [INFO] Detected ArUCO [101] with offset (0.11374401280393415, 0.04803304434587185, 2.0052459864753045).
[2026-08-27 16:16:18,071] [lib.aruco_lib] [INFO] Home ArUco (101) detected at camera offset: [0.11374401 0.04803304 2.00524599]
[2026-08-27 16:16:18,326] [lib.aruco_lib] [INFO] Detected ArUCO [101] with offset (0.11374401280393415, 0.04803304434587185, 2.0052459864753045).
[2026-08-27 16:16:18,326] [lib.aruco_lib] [INFO] Home ArUco (101) detected at camera offset: [0.11374401 0.04803304 2.00524599]
[2026-08-27 16:16:18,572] [lib.aruco_lib] [INFO] Detected ArUCO [101] with offset (0.11346987135428106, 0.0494969677584687, 2.0086916617592987).
[2026-08-27 16:16:18,572] [lib.aruco_lib] [INFO] Home ArUco (101) detected at camera offset: [0.11346987 0.04949697 2.00869166]
[2026-08-27 16:16:18,826] [lib.aruco_lib] [INFO] Detected ArUCO [101] with offset (0.11374392625684991, 0.049583440474340636, 2.005245195053328).
[2026-08-27 16:16:18,826] [lib.aruco_lib] [INFO] Home ArUco (101) detected at camera offset: [0.11374393 0.04958344 2.0052452 ]
[2026-08-27 16:16:19,071] [lib.aruco_lib] [INFO] Detected ArUCO [101] with offset (0.11374392625684991, 0.049583440474340636, 2.005245195053328).
[2026-08-27 16:16:19,072] [lib.aruco_lib] [INFO] Home ArUco (101) detected at camera offset: [0.11374393 0.04958344 2.0052452 ]
[2026-08-27 16:16:19,324] [lib.aruco_lib] [INFO] Detected ArUCO [101] with offset (0.11352063604909254, 0.049647738524302897, 2.003627282715947).
[2026-08-27 16:16:19,325] [lib.aruco_lib] [INFO] Home ArUco (101) detected at camera offset: [0.11352064 0.04964774 2.00362728]
[2026-08-27 16:16:19,572] [lib.aruco_lib] [INFO] Detected ArUCO [101] with offset (0.11374392625684991, 0.049583440474340636, 2.005245195053328).
[2026-08-27 16:16:19,572] [lib.aruco_lib] [INFO] Home ArUco (101) detected at camera offset: [0.11374393 0.04958344 2.0052452 ]
[2026-08-27 16:16:19,824] [lib.aruco_lib] [INFO] Detected ArUCO [101] with offset (0.11274547642938804, 0.049647417857411745, 2.0035904200236225).
[2026-08-27 16:16:19,825] [lib.aruco_lib] [INFO] Home ArUco (101) detected at camera offset: [0.11274548 0.04964742 2.00359042]
[2026-08-27 16:16:20,071] [lib.aruco_lib] [INFO] Detected ArUCO [101] with offset (0.11197262666735444, 0.05119431406859622, 2.0035994022127954).
[2026-08-27 16:16:20,071] [lib.aruco_lib] [INFO] Home ArUco (101) detected at camera offset: [0.11197263 0.05119431 2.0035994 ]
[2026-08-27 16:16:20,324] [lib.aruco_lib] [INFO] Detected ArUCO [101] with offset (0.11197262666735444, 0.05119431406859622, 2.0035994022127954).
[2026-08-27 16:16:20,324] [lib.aruco_lib] [INFO] Home ArUco (101) detected at camera offset: [0.11197263 0.05119431 2.0035994 ]
[2026-08-27 16:16:20,575] [lib.aruco_lib] [INFO] Detected ArUCO [101] with offset (0.11219236925399803, 0.05113369677894931, 2.005214575770396).
[2026-08-27 16:16:20,575] [lib.aruco_lib] [INFO] Home ArUco (101) detected at camera offset: [0.11219237 0.0511337  2.00521458]
[2026-08-27 16:16:20,831] [lib.aruco_lib] [INFO] Detected ArUCO [101] with offset (0.11219236925399803, 0.05113369677894931, 2.005214575770396).
[2026-08-27 16:16:20,832] [lib.aruco_lib] [INFO] Home ArUco (101) detected at camera offset: [0.11219237 0.0511337  2.00521458]
[2026-08-27 16:16:21,075] [lib.aruco_lib] [INFO] Detected ArUCO [101] with offset (0.11192913903069411, 0.05259658616031662, 2.0086468188196593).
[2026-08-27 16:16:21,075] [lib.aruco_lib] [INFO] Home ArUco (101) detected at camera offset: [0.11192914 0.05259659 2.00864682]
[2026-08-27 16:16:21,328] [lib.aruco_lib] [INFO] Detected ArUCO [101] with offset (0.11352037324689342, 0.05274150108433067, 2.003630593624041).
[2026-08-27 16:16:21,329] [lib.aruco_lib] [INFO] Home ArUco (101) detected at camera offset: [0.11352037 0.0527415  2.00363059]
[2026-08-27 16:16:21,578] [lib.aruco_lib] [INFO] Detected ArUCO [101] with offset (0.11520589020589704, 0.051350040242862924, 2.0018400410865644).
[2026-08-27 16:16:21,578] [lib.aruco_lib] [INFO] Home ArUco (101) detected at camera offset: [0.11520589 0.05135004 2.00184004]
[2026-08-27 16:16:21,831] [lib.aruco_lib] [INFO] Detected ArUCO [101] with offset (0.11702097811497784, 0.05066070763070698, 2.013115818906544).
[2026-08-27 16:16:21,831] [lib.aruco_lib] [INFO] Home ArUco (101) detected at camera offset: [0.11702098 0.05066071 2.01311582]
[2026-08-27 16:16:22,076] [lib.aruco_lib] [INFO] Detected ArUCO [101] with offset (0.11839832205734116, 0.0495838642127482, 2.0053364472977178).
[2026-08-27 16:16:22,077] [lib.aruco_lib] [INFO] Home ArUco (101) detected at camera offset: [0.11839832 0.04958386 2.00533645]
[2026-08-27 16:16:22,330] [lib.aruco_lib] [INFO] Detected ArUCO [101] with offset (0.11738925860888065, 0.04964823408327466, 2.003680990140223).
[2026-08-27 16:16:22,330] [lib.aruco_lib] [INFO] Home ArUco (101) detected at camera offset: [0.11738926 0.04964823 2.00368099]
[2026-08-27 16:16:22,577] [lib.aruco_lib] [INFO] Detected ArUCO [101] with offset (0.11584129394737742, 0.049647960651884315, 2.0036502739068345).
[2026-08-27 16:16:22,577] [lib.aruco_lib] [INFO] Home ArUco (101) detected at camera offset: [0.11584129 0.04964796 2.00365027]
[2026-08-27 16:16:22,829] [lib.aruco_lib] [INFO] Detected ArUCO [101] with offset (0.11529539851690183, 0.049583569578444925, 2.0052753899165885).
[2026-08-27 16:16:22,830] [lib.aruco_lib] [INFO] Home ArUco (101) detected at camera offset: [0.1152954  0.04958357 2.00527539]
[2026-08-27 16:16:23,077] [lib.aruco_lib] [INFO] Detected ArUCO [101] with offset (0.1150683800795399, 0.0511948938245754, 2.003657498044047).
[2026-08-27 16:16:23,077] [lib.aruco_lib] [INFO] Home ArUco (101) detected at camera offset: [0.11506838 0.05119489 2.0036575 ]
[2026-08-27 16:16:23,331] [lib.aruco_lib] [INFO] Detected ArUCO [101] with offset (0.11374383933308718, 0.0511338138913706, 2.005244745676822).
[2026-08-27 16:16:23,331] [lib.aruco_lib] [INFO] Home ArUco (101) detected at camera offset: [0.11374384 0.05113381 2.00524475]
[2026-08-27 16:16:23,577] [lib.aruco_lib] [INFO] Detected ArUCO [101] with offset (0.1137527256882717, 0.05111422213651866, 2.008738419172031).
[2026-08-27 16:16:23,577] [lib.aruco_lib] [INFO] Home ArUco (101) detected at camera offset: [0.11375273 0.05111422 2.00873842]
[2026-08-27 16:16:23,830] [lib.aruco_lib] [INFO] Detected ArUCO [101] with offset (0.11219228783140325, 0.052684046893070414, 2.005214171713418).
[2026-08-27 16:16:23,831] [lib.aruco_lib] [INFO] Home ArUco (101) detected at camera offset: [0.11219229 0.05268405 2.00521417]
[2026-08-27 16:16:24,077] [lib.aruco_lib] [INFO] Detected ArUCO [101] with offset (0.11119747303613102, 0.05274084083540852, 2.003566555549797).
[2026-08-27 16:16:24,078] [lib.aruco_lib] [INFO] Home ArUco (101) detected at camera offset: [0.11119747 0.05274084 2.00356656]
[2026-08-27 16:16:24,334] [lib.aruco_lib] [INFO] Detected ArUCO [101] with offset (0.11219236925399803, 0.05113369677894931, 2.005214575770396).
[2026-08-27 16:16:24,334] [lib.aruco_lib] [INFO] Home ArUco (101) detected at camera offset: [0.11219237 0.0511337  2.00521458]
[2026-08-27 16:16:24,580] [lib.aruco_lib] [INFO] Detected ArUCO [101] with offset (0.1121978398428044, 0.04955614507414202, 2.0085123202899466).
[2026-08-27 16:16:24,581] [lib.aruco_lib] [INFO] Home ArUco (101) detected at camera offset: [0.11219784 0.04955615 2.00851232]
[2026-08-27 16:16:24,834] [lib.aruco_lib] [INFO] Detected ArUCO [101] with offset (0.1121978398428044, 0.04955614507414202, 2.0085123202899466).
[2026-08-27 16:16:24,834] [lib.aruco_lib] [INFO] Home ArUco (101) detected at camera offset: [0.11219784 0.04955615 2.00851232]
[2026-08-27 16:16:25,082] [lib.aruco_lib] [INFO] Detected ArUCO [101] with offset (0.11352048602010062, 0.05119460349750334, 2.0036282443906424).
[2026-08-27 16:16:25,083] [lib.aruco_lib] [INFO] Home ArUco (101) detected at camera offset: [0.11352049 0.0511946  2.00362824]
[2026-08-27 16:16:25,335] [lib.aruco_lib] [INFO] Detected ArUCO [101] with offset (0.11374383933308718, 0.0511338138913706, 2.005244745676822).
[2026-08-27 16:16:25,335] [lib.aruco_lib] [INFO] Home ArUco (101) detected at camera offset: [0.11374384 0.05113381 2.00524475]
[2026-08-27 16:16:25,582] [lib.aruco_lib] [INFO] Detected ArUCO [101] with offset (0.11529521018129216, 0.05268430317036986, 2.0052750312444854).
[2026-08-27 16:16:25,582] [lib.aruco_lib] [INFO] Home ArUco (101) detected at camera offset: [0.11529521 0.0526843  2.00527503]
[2026-08-27 16:16:25,836] [lib.aruco_lib] [INFO] Detected ArUCO [101] with offset (0.11529521018129216, 0.05268430317036986, 2.0052750312444854).
[2026-08-27 16:16:25,837] [lib.aruco_lib] [INFO] Home ArUco (101) detected at camera offset: [0.11529521 0.0526843  2.00527503]
[2026-08-27 16:16:26,083] [lib.aruco_lib] [INFO] Detected ArUCO [101] with offset (0.11530970105816218, 0.05112315097071804, 2.0089063589428333).
[2026-08-27 16:16:26,083] [lib.aruco_lib] [INFO] Home ArUco (101) detected at camera offset: [0.1153097  0.05112315 2.00890636]
[2026-08-27 16:16:26,343] [lib.aruco_lib] [INFO] Detected ArUCO [101] with offset (0.1152953037675079, 0.05113394488461694, 2.005275063274952).
[2026-08-27 16:16:26,343] [lib.aruco_lib] [INFO] Home ArUco (101) detected at camera offset: [0.1152953  0.05113394 2.00527506]
[2026-08-27 16:16:26,586] [lib.aruco_lib] [INFO] Detected ArUCO [101] with offset (0.11529539851690183, 0.049583569578444925, 2.0052753899165885).
[2026-08-27 16:16:26,586] [lib.aruco_lib] [INFO] Home ArUco (101) detected at camera offset: [0.1152954  0.04958357 2.00527539]
[2026-08-27 16:16:26,840] [lib.aruco_lib] [INFO] Detected ArUCO [101] with offset (0.1150685535202271, 0.04964801430015505, 2.003657017830099).
[2026-08-27 16:16:26,841] [lib.aruco_lib] [INFO] Home ArUco (101) detected at camera offset: [0.11506855 0.04964801 2.00365702]
[2026-08-27 16:16:27,089] [lib.aruco_lib] [INFO] Detected ArUCO [101] with offset (0.1150685535202271, 0.04964801430015505, 2.003657017830099).
[2026-08-27 16:16:27,089] [lib.aruco_lib] [INFO] Home ArUco (101) detected at camera offset: [0.11506855 0.04964801 2.00365702]
[2026-08-27 16:16:27,345] [lib.aruco_lib] [INFO] Detected ArUCO [101] with offset (0.1150685535202271, 0.04964801430015505, 2.003657017830099).
[2026-08-27 16:16:27,346] [lib.aruco_lib] [INFO] Home ArUco (101) detected at camera offset: [0.11506855 0.04964801 2.00365702]
[2026-08-27 16:16:27,594] [lib.aruco_lib] [INFO] Detected ArUCO [101] with offset (0.1152953037675079, 0.05113394488461694, 2.005275063274952).
[2026-08-27 16:16:27,595] [lib.aruco_lib] [INFO] Home ArUco (101) detected at camera offset: [0.1152953  0.05113394 2.00527506]
[2026-08-27 16:16:27,843] [lib.aruco_lib] [INFO] Detected ArUCO [101] with offset (0.11348584316835053, 0.05259577061440882, 2.0088143085557193).
[2026-08-27 16:16:27,843] [lib.aruco_lib] [INFO] Home ArUco (101) detected at camera offset: [0.11348584 0.05259577 2.00881431]
[2026-08-27 16:16:28,091] [lib.aruco_lib] [INFO] Detected ArUCO [101] with offset (0.11374383933308718, 0.0511338138913706, 2.005244745676822).
[2026-08-27 16:16:28,091] [lib.aruco_lib] [INFO] Home ArUco (101) detected at camera offset: [0.11374384 0.05113381 2.00524475]
[2026-08-27 16:16:28,342] [lib.aruco_lib] [INFO] Detected ArUCO [101] with offset (0.11374383933308718, 0.0511338138913706, 2.005244745676822).
[2026-08-27 16:16:28,343] [lib.aruco_lib] [INFO] Home ArUco (101) detected at camera offset: [0.11374384 0.05113381 2.00524475]
[2026-08-27 16:16:28,589] [lib.aruco_lib] [INFO] Detected ArUCO [101] with offset (0.11352063604909254, 0.049647738524302897, 2.003627282715947).
[2026-08-27 16:16:28,590] [lib.aruco_lib] [INFO] Home ArUco (101) detected at camera offset: [0.11352064 0.04964774 2.00362728]
[2026-08-27 16:16:28,840] [lib.aruco_lib] [INFO] Detected ArUCO [101] with offset (0.11375607952919878, 0.0480151681582598, 2.008614946042709).
[2026-08-27 16:16:28,841] [lib.aruco_lib] [INFO] Home ArUco (101) detected at camera offset: [0.11375608 0.04801517 2.00861495]
[2026-08-27 16:16:29,092] [lib.aruco_lib] [INFO] Detected ArUCO [101] with offset (0.11529539851690183, 0.049583569578444925, 2.0052753899165885).
[2026-08-27 16:16:29,093] [lib.aruco_lib] [INFO] Home ArUco (101) detected at camera offset: [0.1152954  0.04958357 2.00527539]
[2026-08-27 16:16:29,343] [lib.aruco_lib] [INFO] Detected ArUCO [101] with offset (0.11686875710953261, 0.04958234393948597, 2.009012030349596).
[2026-08-27 16:16:29,343] [lib.aruco_lib] [INFO] Home ArUco (101) detected at camera offset: [0.11686876 0.04958234 2.00901203]
[2026-08-27 16:16:29,592] [lib.aruco_lib] [INFO] Detected ArUCO [101] with offset (0.11669026991201996, 0.051689228041185635, 2.005766559485893).
[2026-08-27 16:16:29,592] [lib.aruco_lib] [INFO] Home ArUco (101) detected at camera offset: [0.11669027 0.05168923 2.00576656]
[2026-08-27 16:16:29,846] [lib.aruco_lib] [INFO] Detected ArUCO [101] with offset (0.11529521018129216, 0.05268430317036986, 2.0052750312444854).
[2026-08-27 16:16:29,846] [lib.aruco_lib] [INFO] Home ArUco (101) detected at camera offset: [0.11529521 0.0526843  2.00527503]
[2026-08-27 16:16:30,092] [lib.aruco_lib] [INFO] Detected ArUCO [101] with offset (0.11529521018129216, 0.05268430317036986, 2.0052750312444854).
[2026-08-27 16:16:30,093] [lib.aruco_lib] [INFO] Home ArUco (101) detected at camera offset: [0.11529521 0.0526843  2.00527503]
[2026-08-27 16:16:30,344] [lib.aruco_lib] [INFO] Detected ArUCO [101] with offset (0.1152953037675079, 0.05113394488461694, 2.005275063274952).
[2026-08-27 16:16:30,345] [lib.aruco_lib] [INFO] Home ArUco (101) detected at camera offset: [0.1152953  0.05113394 2.00527506]
[2026-08-27 16:16:30,592] [lib.aruco_lib] [INFO] Detected ArUCO [101] with offset (0.11529539851690183, 0.049583569578444925, 2.0052753899165885).
[2026-08-27 16:16:30,593] [lib.aruco_lib] [INFO] Home ArUco (101) detected at camera offset: [0.1152954  0.04958357 2.00527539]
[2026-08-27 16:16:30,849] [lib.aruco_lib] [INFO] Detected ArUCO [101] with offset (0.11502636497149042, 0.04949588825903642, 2.008858170619361).
[2026-08-27 16:16:30,849] [lib.aruco_lib] [INFO] Home ArUco (101) detected at camera offset: [0.11502636 0.04949589 2.00885817]
[2026-08-27 16:16:31,093] [lib.aruco_lib] [INFO] Detected ArUCO [101] with offset (0.11502636497149042, 0.04949588825903642, 2.008858170619361).
[2026-08-27 16:16:31,093] [lib.aruco_lib] [INFO] Home ArUco (101) detected at camera offset: [0.11502636 0.04949589 2.00885817]
[2026-08-27 16:16:31,346] [lib.aruco_lib] [INFO] Detected ArUCO [101] with offset (0.11529539851690183, 0.049583569578444925, 2.0052753899165885).
[2026-08-27 16:16:31,347] [lib.aruco_lib] [INFO] Home ArUco (101) detected at camera offset: [0.1152954  0.04958357 2.00527539]
[2026-08-27 16:16:31,597] [lib.aruco_lib] [INFO] Detected ArUCO [101] with offset (0.11529521018129216, 0.05268430317036986, 2.0052750312444854).
[2026-08-27 16:16:31,597] [lib.aruco_lib] [INFO] Home ArUco (101) detected at camera offset: [0.11529521 0.0526843  2.00527503]
[2026-08-27 16:16:31,850] [lib.aruco_lib] [INFO] Detected ArUCO [101] with offset (0.11584101304893668, 0.05274174520034908, 2.0036527891247364).
[2026-08-27 16:16:31,851] [lib.aruco_lib] [INFO] Home ArUco (101) detected at camera offset: [0.11584101 0.05274175 2.00365279]
[2026-08-27 16:16:32,099] [lib.aruco_lib] [INFO] Detected ArUCO [101] with offset (0.1150428147552984, 0.0525948819925792, 2.008983643042737).
[2026-08-27 16:16:32,099] [lib.aruco_lib] [INFO] Home ArUco (101) detected at camera offset: [0.11504281 0.05259488 2.00898364]
[2026-08-27 16:16:32,352] [lib.aruco_lib] [INFO] Detected ArUCO [101] with offset (0.1152953037675079, 0.05113394488461694, 2.005275063274952).
[2026-08-27 16:16:32,352] [lib.aruco_lib] [INFO] Home ArUco (101) detected at camera offset: [0.1152953  0.05113394 2.00527506]
[2026-08-27 16:16:32,598] [lib.aruco_lib] [INFO] Detected ArUCO [101] with offset (0.11531143603747684, 0.04957345618471739, 2.0088437386124247).
[2026-08-27 16:16:32,598] [lib.aruco_lib] [INFO] Home ArUco (101) detected at camera offset: [0.11531144 0.04957346 2.00884374]
[2026-08-27 16:16:32,851] [lib.aruco_lib] [INFO] Detected ArUCO [101] with offset (0.11529539851690183, 0.049583569578444925, 2.0052753899165885).
[2026-08-27 16:16:32,852] [lib.aruco_lib] [INFO] Home ArUco (101) detected at camera offset: [0.1152954  0.04958357 2.00527539]
[2026-08-27 16:16:33,097] [lib.aruco_lib] [INFO] Detected ArUCO [101] with offset (0.11529549004499784, 0.04803317082756569, 2.005275992747595).
[2026-08-27 16:16:33,098] [lib.aruco_lib] [INFO] Home ArUco (101) detected at camera offset: [0.11529549 0.04803317 2.00527599]
[2026-08-27 16:16:33,352] [lib.aruco_lib] [INFO] Detected ArUCO [101] with offset (0.11529549004499784, 0.04803317082756569, 2.005275992747595).
[2026-08-27 16:16:33,353] [lib.aruco_lib] [INFO] Home ArUco (101) detected at camera offset: [0.11529549 0.04803317 2.00527599]
[2026-08-27 16:16:33,598] [lib.aruco_lib] [INFO] Detected ArUCO [101] with offset (0.11839842491253762, 0.04803346504019377, 2.0053366991604062).
[2026-08-27 16:16:33,598] [lib.aruco_lib] [INFO] Home ArUco (101) detected at camera offset: [0.11839842 0.04803347 2.0053367 ]
[2026-08-27 16:16:33,853] [lib.aruco_lib] [INFO] Detected ArUCO [101] with offset (0.11842800275468815, 0.04804122372655984, 2.009115160338521).
[2026-08-27 16:16:33,853] [lib.aruco_lib] [INFO] Home ArUco (101) detected at camera offset: [0.118428   0.04804122 2.00911516]
[2026-08-27 16:16:34,100] [lib.aruco_lib] [INFO] Detected ArUCO [101] with offset (0.1165830961434381, 0.049494731319319606, 2.0090264279281116).
[2026-08-27 16:16:34,100] [lib.aruco_lib] [INFO] Home ArUco (101) detected at camera offset: [0.1165831  0.04949473 2.00902643]
[2026-08-27 16:16:34,350] [lib.aruco_lib] [INFO] Detected ArUCO [101] with offset (0.1165830961434381, 0.049494731319319606, 2.0090264279281116).
[2026-08-27 16:16:34,351] [lib.aruco_lib] [INFO] Home ArUco (101) detected at camera offset: [0.1165831  0.04949473 2.00902643]
[2026-08-27 16:16:34,600] [lib.aruco_lib] [INFO] Detected ArUCO [101] with offset (0.11684686274205112, 0.04958370981602831, 2.005305824467844).
[2026-08-27 16:16:34,601] [lib.aruco_lib] [INFO] Home ArUco (101) detected at camera offset: [0.11684686 0.04958371 2.00530582]
[2026-08-27 16:16:34,857] [lib.aruco_lib] [INFO] Detected ArUCO [101] with offset (0.11529539851690183, 0.049583569578444925, 2.0052753899165885).
[2026-08-27 16:16:34,858] [lib.aruco_lib] [INFO] Home ArUco (101) detected at camera offset: [0.1152954  0.04958357 2.00527539]
[2026-08-27 16:16:35,102] [lib.aruco_lib] [INFO] Detected ArUCO [101] with offset (0.11346987135428106, 0.0494969677584687, 2.0086916617592987).
[2026-08-27 16:16:35,103] [lib.aruco_lib] [INFO] Home ArUco (101) detected at camera offset: [0.11346987 0.04949697 2.00869166]
[2026-08-27 16:16:35,356] [lib.aruco_lib] [INFO] Detected ArUCO [101] with offset (0.1150685535202271, 0.04964801430015505, 2.003657017830099).
[2026-08-27 16:16:35,356] [lib.aruco_lib] [INFO] Home ArUco (101) detected at camera offset: [0.11506855 0.04964801 2.00365702]
[2026-08-27 16:16:35,603] [lib.aruco_lib] [INFO] Detected ArUCO [101] with offset (0.11684686274205112, 0.04958370981602831, 2.005305824467844).
[2026-08-27 16:16:35,603] [lib.aruco_lib] [INFO] Home ArUco (101) detected at camera offset: [0.11684686 0.04958371 2.00530582]
[2026-08-27 16:16:35,856] [lib.aruco_lib] [INFO] Detected ArUCO [101] with offset (0.11684686274205112, 0.04958370981602831, 2.005305824467844).
[2026-08-27 16:16:35,857] [lib.aruco_lib] [INFO] Home ArUco (101) detected at camera offset: [0.11684686 0.04958371 2.00530582]
[2026-08-27 16:16:36,103] [lib.aruco_lib] [INFO] Detected ArUCO [101] with offset (0.11691086010706599, 0.05094031569933948, 2.0130924218252617).
[2026-08-27 16:16:36,103] [lib.aruco_lib] [INFO] Home ArUco (101) detected at camera offset: [0.11691086 0.05094032 2.01309242]
[2026-08-27 16:16:36,355] [lib.aruco_lib] [INFO] Detected ArUCO [101] with offset (0.11503460059793852, 0.051045298481885326, 2.0089214529360464).
[2026-08-27 16:16:36,355] [lib.aruco_lib] [INFO] Home ArUco (101) detected at camera offset: [0.1150346  0.0510453  2.00892145]
[2026-08-27 16:16:36,602] [lib.aruco_lib] [INFO] Detected ArUCO [101] with offset (0.1152953037675079, 0.05113394488461694, 2.005275063274952).
[2026-08-27 16:16:36,602] [lib.aruco_lib] [INFO] Home ArUco (101) detected at camera offset: [0.1152953  0.05113394 2.00527506]
[2026-08-27 16:16:36,857] [lib.aruco_lib] [INFO] Detected ArUCO [101] with offset (0.1152953037675079, 0.05113394488461694, 2.005275063274952).
[2026-08-27 16:16:36,857] [lib.aruco_lib] [INFO] Home ArUco (101) detected at camera offset: [0.1152953  0.05113394 2.00527506]
[2026-08-27 16:16:37,105] [lib.aruco_lib] [INFO] Detected ArUCO [101] with offset (0.11503460059793852, 0.051045298481885326, 2.0089214529360464).
[2026-08-27 16:16:37,105] [lib.aruco_lib] [INFO] Home ArUco (101) detected at camera offset: [0.1150346  0.0510453  2.00892145]
[2026-08-27 16:16:37,355] [lib.aruco_lib] [INFO] Detected ArUCO [101] with offset (0.11529539851690183, 0.049583569578444925, 2.0052753899165885).
[2026-08-27 16:16:37,355] [lib.aruco_lib] [INFO] Home ArUco (101) detected at camera offset: [0.1152954  0.04958357 2.00527539]
[2026-08-27 16:16:37,606] [lib.aruco_lib] [INFO] Detected ArUCO [101] with offset (0.11502636497149042, 0.04949588825903642, 2.008858170619361).
[2026-08-27 16:16:37,606] [lib.aruco_lib] [INFO] Home ArUco (101) detected at camera offset: [0.11502636 0.04949589 2.00885817]
[2026-08-27 16:16:37,859] [lib.aruco_lib] [INFO] Detected ArUCO [101] with offset (0.11502636497149042, 0.04949588825903642, 2.008858170619361).
[2026-08-27 16:16:37,859] [lib.aruco_lib] [INFO] Home ArUco (101) detected at camera offset: [0.11502636 0.04949589 2.00885817]
[2026-08-27 16:16:38,106] [lib.aruco_lib] [INFO] Detected ArUCO [101] with offset (0.11584129394737742, 0.049647960651884315, 2.0036502739068345).
[2026-08-27 16:16:38,106] [lib.aruco_lib] [INFO] Home ArUco (101) detected at camera offset: [0.11584129 0.04964796 2.00365027]
[2026-08-27 16:16:38,358] [lib.aruco_lib] [INFO] Detected ArUCO [101] with offset (0.11503460059793852, 0.051045298481885326, 2.0089214529360464).
[2026-08-27 16:16:38,359] [lib.aruco_lib] [INFO] Home ArUco (101) detected at camera offset: [0.1150346  0.0510453  2.00892145]
[2026-08-27 16:16:38,606] [lib.aruco_lib] [INFO] Detected ArUCO [101] with offset (0.1152953037675079, 0.05113394488461694, 2.005275063274952).
[2026-08-27 16:16:38,606] [lib.aruco_lib] [INFO] Home ArUco (101) detected at camera offset: [0.1152953  0.05113394 2.00527506]
[2026-08-27 16:16:38,858] [lib.aruco_lib] [INFO] Detected ArUCO [101] with offset (0.1152953037675079, 0.05113394488461694, 2.005275063274952).
[2026-08-27 16:16:38,858] [lib.aruco_lib] [INFO] Home ArUco (101) detected at camera offset: [0.1152953  0.05113394 2.00527506]
[2026-08-27 16:16:39,105] [lib.aruco_lib] [INFO] Detected ArUCO [101] with offset (0.11429336576439834, 0.0496476900273541, 2.0036201001731544).
[2026-08-27 16:16:39,106] [lib.aruco_lib] [INFO] Home ArUco (101) detected at camera offset: [0.11429337 0.04964769 2.0036201 ]
[2026-08-27 16:16:39,361] [lib.aruco_lib] [INFO] Detected ArUCO [101] with offset (0.11374392625684991, 0.049583440474340636, 2.005245195053328).
[2026-08-27 16:16:39,361] [lib.aruco_lib] [INFO] Home ArUco (101) detected at camera offset: [0.11374393 0.04958344 2.0052452 ]
[2026-08-27 16:16:39,605] [lib.aruco_lib] [INFO] Detected ArUCO [101] with offset (0.1150683800795399, 0.0511948938245754, 2.003657498044047).
[2026-08-27 16:16:39,605] [lib.aruco_lib] [INFO] Home ArUco (101) detected at camera offset: [0.11506838 0.05119489 2.0036575 ]
[2026-08-27 16:16:39,859] [lib.aruco_lib] [INFO] Detected ArUCO [101] with offset (0.11503460059793852, 0.051045298481885326, 2.0089214529360464).
[2026-08-27 16:16:39,860] [lib.aruco_lib] [INFO] Home ArUco (101) detected at camera offset: [0.1150346  0.0510453  2.00892145]
[2026-08-27 16:16:40,108] [lib.aruco_lib] [INFO] Detected ArUCO [101] with offset (0.1152953037675079, 0.05113394488461694, 2.005275063274952).
[2026-08-27 16:16:40,109] [lib.aruco_lib] [INFO] Home ArUco (101) detected at camera offset: [0.1152953  0.05113394 2.00527506]
[2026-08-27 16:16:40,359] [lib.aruco_lib] [INFO] Detected ArUCO [101] with offset (0.11584113062878514, 0.05119483686944076, 2.003650779610553).
[2026-08-27 16:16:40,360] [lib.aruco_lib] [INFO] Home ArUco (101) detected at camera offset: [0.11584113 0.05119484 2.00365078]
[2026-08-27 16:16:40,606] [lib.aruco_lib] [INFO] Detected ArUCO [101] with offset (0.11429312814998493, 0.052741442275653035, 2.0036235040707493).
[2026-08-27 16:16:40,607] [lib.aruco_lib] [INFO] Home ArUco (101) detected at camera offset: [0.11429313 0.05274144 2.0036235 ]
[2026-08-27 16:16:40,864] [lib.aruco_lib] [INFO] Detected ArUCO [101] with offset (0.11374366415323346, 0.05423450654378154, 2.0052446042381438).
[2026-08-27 16:16:40,864] [lib.aruco_lib] [INFO] Home ArUco (101) detected at camera offset: [0.11374366 0.05423451 2.0052446 ]
[2026-08-27 16:16:41,109] [lib.aruco_lib] [INFO] Detected ArUCO [101] with offset (0.11529502052490659, 0.05578496351316379, 2.0052758356816978).
[2026-08-27 16:16:41,109] [lib.aruco_lib] [INFO] Home ArUco (101) detected at camera offset: [0.11529502 0.05578496 2.00527584]
[2026-08-27 16:16:41,364] [lib.aruco_lib] [INFO] Detected ArUCO [101] with offset (0.11584095126996195, 0.05892975373550371, 2.003675406325751).
[2026-08-27 16:16:41,365] [lib.aruco_lib] [INFO] Home ArUco (101) detected at camera offset: [0.11584095 0.05892975 2.00367541]
[2026-08-27 16:16:41,614] [lib.aruco_lib] [INFO] Detected ArUCO [101] with offset (0.1168466643762469, 0.05268445030895887, 2.0053057915330155).
[2026-08-27 16:16:41,614] [lib.aruco_lib] [INFO] Home ArUco (101) detected at camera offset: [0.11684666 0.05268445 2.00530579]
[2026-08-27 16:16:41,868] [lib.aruco_lib] [INFO] Detected ArUCO [101] with offset (0.11661651270595523, 0.04964828774610305, 2.003687349788409).
[2026-08-27 16:16:41,868] [lib.aruco_lib] [INFO] Home ArUco (101) detected at camera offset: [0.11661651 0.04964829 2.00368735]
[2026-08-27 16:16:42,115] [lib.aruco_lib] [INFO] Detected ArUCO [101] with offset (0.11684686274205112, 0.04958370981602831, 2.005305824467844).
[2026-08-27 16:16:42,115] [lib.aruco_lib] [INFO] Home ArUco (101) detected at camera offset: [0.11684686 0.04958371 2.00530582]
[2026-08-27 16:16:42,370] [lib.aruco_lib] [INFO] Detected ArUCO [101] with offset (0.11675241544179797, 0.04980799005902632, 2.00183235641974).
[2026-08-27 16:16:42,370] [lib.aruco_lib] [INFO] Home ArUco (101) detected at camera offset: [0.11675242 0.04980799 2.00183236]
[2026-08-27 16:16:42,615] [lib.aruco_lib] [INFO] Detected ArUCO [101] with offset (0.11842471526269598, 0.05114147892209468, 2.0092473994564295).
[2026-08-27 16:16:42,616] [lib.aruco_lib] [INFO] Home ArUco (101) detected at camera offset: [0.11842472 0.05114148 2.0092474 ]
[2026-08-27 16:19:21,571] [lib.drone_lib] [INFO] [MAV] Connecting to tcp:localhost:5762 ...
[2026-08-27 16:19:21,599] [lib.drone_lib] [INFO] [MAV] Heartbeat from system 1, component 0
[2026-08-27 16:19:21,599] [lib.drone_lib] [INFO] [MAV] Telemetry streams requested @ 4.0 Hz. Waiting for GLOBAL_POSITION_INT ...
[2026-08-27 16:19:21,599] [lib.drone_lib] [INFO] [MAV] Position streaming OK. Alt=2.0 m
[2026-08-27 16:19:21,781] [lib.aruco_lib] [INFO] ==========================================
[2026-08-27 16:19:21,781] [lib.aruco_lib] [INFO]        ERC DRONE MISSION BOOTLOADER       
[2026-08-27 16:19:21,781] [lib.aruco_lib] [INFO] ==========================================
[2026-08-27 16:19:21,781] [lib.status] [INFO] Checkpoint loaded: Phase=SEARCHING, SearchWP=-1
[2026-08-27 16:19:22,076] [lib.drone_lib] [INFO] Telemetry Status: Armed=False, Estimated Alt=2.20m
[2026-08-27 16:19:22,076] [lib.aruco_lib] [INFO] Drone is grounded. Normal startup sequence.
[2026-08-27 16:19:22,347] [lib.aruco_lib] [INFO] Detected ArUCO [101] with offset (0.12126257827106583, 0.04191476005741263, 2.003809331164627).
[2026-08-27 16:19:22,347] [lib.aruco_lib] [INFO] Home ArUco (101) detected at camera offset: [0.12126258 0.04191476 2.00380933]
[2026-08-27 16:19:22,347] [lib.aruco_lib] [INFO] Moving to first waypoint
[2026-08-27 16:19:22,593] [lib.aruco_lib] [INFO] Detected ArUCO [101] with offset (0.12221120635289487, 0.042004121633377335, 1.9986346632565792).
[2026-08-27 16:19:22,593] [lib.aruco_lib] [INFO] Home ArUco (101) detected at camera offset: [0.12221121 0.04200412 1.99863466]
[2026-08-27 16:19:22,838] [lib.aruco_lib] [INFO] Detected ArUCO [101] with offset (0.1230531061311354, 0.043382701649693746, 2.005430392766092).
[2026-08-27 16:19:22,838] [lib.aruco_lib] [INFO] Home ArUco (101) detected at camera offset: [0.12305311 0.0433827  2.00543039]
[2026-08-27 16:19:23,087] [lib.aruco_lib] [INFO] Detected ArUCO [101] with offset (0.12278353249039001, 0.04484089657263835, 2.0094941387422143).
[2026-08-27 16:19:23,088] [lib.aruco_lib] [INFO] Home ArUco (101) detected at camera offset: [0.12278353 0.0448409  2.00949414]
[2026-08-27 16:19:23,341] [lib.aruco_lib] [INFO] Detected ArUCO [101] with offset (0.12310657190176655, 0.04341579911067946, 2.0094069377548838).
[2026-08-27 16:19:23,341] [lib.aruco_lib] [INFO] Home ArUco (101) detected at camera offset: [0.12310657 0.0434158  2.00940694]
[2026-08-27 16:19:31,387] [lib.drone_lib] [INFO] [MAV] Connecting to tcp:localhost:5762 ...
[2026-08-27 16:19:31,413] [lib.drone_lib] [INFO] [MAV] Heartbeat from system 1, component 0
[2026-08-27 16:19:31,413] [lib.drone_lib] [INFO] [MAV] Telemetry streams requested @ 4.0 Hz. Waiting for GLOBAL_POSITION_INT ...
[2026-08-27 16:19:31,414] [lib.drone_lib] [INFO] [MAV] Position streaming OK. Alt=2.0 m
[2026-08-27 16:19:31,821] [lib.aruco_lib] [INFO] ==========================================
[2026-08-27 16:19:31,821] [lib.aruco_lib] [INFO]        ERC DRONE MISSION BOOTLOADER       
[2026-08-27 16:19:31,821] [lib.aruco_lib] [INFO] ==========================================
[2026-08-27 16:19:31,821] [lib.status] [INFO] Checkpoint loaded: Phase=SEARCHING, SearchWP=-1
[2026-08-27 16:19:32,140] [lib.drone_lib] [INFO] Telemetry Status: Armed=False, Estimated Alt=2.20m
[2026-08-27 16:19:32,141] [lib.aruco_lib] [INFO] Drone is grounded. Normal startup sequence.
[2026-08-27 16:19:32,410] [lib.aruco_lib] [INFO] Detected ArUCO [101] with offset (0.12126257827106583, 0.04191476005741263, 2.003809331164627).
[2026-08-27 16:19:32,410] [lib.aruco_lib] [INFO] Home ArUco (101) detected at camera offset: [0.12126258 0.04191476 2.00380933]
[2026-08-27 16:19:32,411] [lib.aruco_lib] [INFO] Moving to first waypoint
[2026-08-27 16:19:32,655] [lib.aruco_lib] [INFO] Detected ArUCO [101] with offset (0.12154965360154486, 0.04030569504479565, 2.0090923650205768).
[2026-08-27 16:19:32,656] [lib.aruco_lib] [INFO] Home ArUco (101) detected at camera offset: [0.12154965 0.0403057  2.00909237]
[2026-08-27 16:19:32,906] [lib.aruco_lib] [INFO] Detected ArUCO [101] with offset (0.12150184670236842, 0.0402815683201176, 2.005401454984146).
[2026-08-27 16:19:32,906] [lib.aruco_lib] [INFO] Home ArUco (101) detected at camera offset: [0.12150185 0.04028157 2.00540145]
[2026-08-27 16:19:33,156] [lib.aruco_lib] [INFO] Detected ArUCO [101] with offset (0.12119898403035116, 0.04019625687770804, 2.0091041730945918).
[2026-08-27 16:19:33,156] [lib.aruco_lib] [INFO] Home ArUco (101) detected at camera offset: [0.12119898 0.04019626 2.00910417]
[2026-08-27 16:19:33,404] [lib.aruco_lib] [INFO] Detected ArUCO [101] with offset (0.12150184670236842, 0.0402815683201176, 2.005401454984146).
[2026-08-27 16:19:33,405] [lib.aruco_lib] [INFO] Home ArUco (101) detected at camera offset: [0.12150185 0.04028157 2.00540145]
[2026-08-27 16:19:33,656] [lib.aruco_lib] [INFO] Detected ArUCO [101] with offset (0.12310810312459584, 0.04031380197994934, 2.009255468461945).
[2026-08-27 16:19:33,656] [lib.aruco_lib] [INFO] Home ArUco (101) detected at camera offset: [0.1231081  0.0403138  2.00925547]
[2026-08-27 16:19:33,906] [lib.aruco_lib] [INFO] Detected ArUCO [101] with offset (0.1228108132785859, 0.04191494690843761, 2.0038435650163477).
[2026-08-27 16:19:33,907] [lib.aruco_lib] [INFO] Home ArUco (101) detected at camera offset: [0.12281081 0.04191495 2.00384357]
[2026-08-27 16:19:34,157] [lib.aruco_lib] [INFO] Detected ArUCO [101] with offset (0.12305320947156895, 0.041832240114247576, 2.0054310935840465).
[2026-08-27 16:19:34,157] [lib.aruco_lib] [INFO] Home ArUco (101) detected at camera offset: [0.12305321 0.04183224 2.00543109]
[2026-08-27 16:19:34,408] [lib.aruco_lib] [INFO] Detected ArUCO [101] with offset (0.12310741104538508, 0.041864805783442684, 2.0093314988139337).
[2026-08-27 16:19:34,408] [lib.aruco_lib] [INFO] Home ArUco (101) detected at camera offset: [0.12310741 0.04186481 2.0093315 ]
[2026-08-27 16:19:34,660] [lib.aruco_lib] [INFO] Detected ArUCO [101] with offset (0.12310741104538508, 0.041864805783442684, 2.0093314988139337).
[2026-08-27 16:19:34,660] [lib.aruco_lib] [INFO] Home ArUco (101) detected at camera offset: [0.12310741 0.04186481 2.0093315 ]
[2026-08-27 16:19:34,910] [lib.aruco_lib] [INFO] Detected ArUCO [101] with offset (0.1231387608325544, 0.04238613468656199, 2.013123822108393).
[2026-08-27 16:19:34,910] [lib.aruco_lib] [INFO] Home ArUco (101) detected at camera offset: [0.12313876 0.04238613 2.01312382]
[2026-08-27 16:19:35,155] [lib.aruco_lib] [INFO] Detected ArUCO [101] with offset (0.12138136414307649, 0.04054125062834237, 2.001495811665143).
[2026-08-27 16:19:35,155] [lib.aruco_lib] [INFO] Home ArUco (101) detected at camera offset: [0.12138136 0.04054125 2.00149581]
[2026-08-27 16:19:35,409] [lib.aruco_lib] [INFO] Detected ArUCO [101] with offset (0.12150184670236842, 0.0402815683201176, 2.005401454984146).
[2026-08-27 16:19:35,409] [lib.aruco_lib] [INFO] Home ArUco (101) detected at camera offset: [0.12150185 0.04028157 2.00540145]
[2026-08-27 16:19:35,662] [lib.aruco_lib] [INFO] Detected ArUCO [101] with offset (0.12126257827106583, 0.04191476005741263, 2.003809331164627).
[2026-08-27 16:19:35,663] [lib.aruco_lib] [INFO] Home ArUco (101) detected at camera offset: [0.12126258 0.04191476 2.00380933]
[2026-08-27 16:19:35,910] [lib.aruco_lib] [INFO] Detected ArUCO [101] with offset (0.12150174997471123, 0.04183204944179407, 2.0054004068249487).
[2026-08-27 16:19:35,911] [lib.aruco_lib] [INFO] Home ArUco (101) detected at camera offset: [0.12150175 0.04183205 2.00540041]
[2026-08-27 16:19:36,159] [lib.aruco_lib] [INFO] Detected ArUCO [101] with offset (0.12210163710528822, 0.042396574558434034, 2.005472388141523).
[2026-08-27 16:19:36,159] [lib.aruco_lib] [INFO] Home ArUco (101) detected at camera offset: [0.12210164 0.04239657 2.00547239]
[2026-08-27 16:19:36,412] [lib.aruco_lib] [INFO] Detected ArUCO [101] with offset (0.12229585201334343, 0.043326646215458814, 2.006305914169179).
[2026-08-27 16:19:36,413] [lib.aruco_lib] [INFO] Home ArUco (101) detected at camera offset: [0.12229585 0.04332665 2.00630591]
[2026-08-27 16:19:36,662] [lib.aruco_lib] [INFO] Detected ArUCO [101] with offset (0.1230531061311354, 0.043382701649693746, 2.005430392766092).
[2026-08-27 16:19:36,662] [lib.aruco_lib] [INFO] Home ArUco (101) detected at camera offset: [0.12305311 0.0433827  2.00543039]
[2026-08-27 16:19:36,919] [lib.aruco_lib] [INFO] Detected ArUCO [101] with offset (0.12466550414684247, 0.043424496685229304, 2.0095748382166594).
[2026-08-27 16:19:36,920] [lib.aruco_lib] [INFO] Home ArUco (101) detected at camera offset: [0.1246655  0.0434245  2.00957484]
[2026-08-27 16:19:37,163] [lib.aruco_lib] [INFO] Detected ArUCO [101] with offset (0.12460455642561852, 0.04338290016893137, 2.005461578852527).
[2026-08-27 16:19:37,163] [lib.aruco_lib] [INFO] Home ArUco (101) detected at camera offset: [0.12460456 0.0433829  2.00546158]
[2026-08-27 16:22:04,911] [lib.drone_lib] [INFO] [MAV] Connecting to tcp:localhost:5762 ...
[2026-08-27 16:22:04,945] [lib.drone_lib] [INFO] [MAV] Heartbeat from system 1, component 0
[2026-08-27 16:22:04,945] [lib.drone_lib] [INFO] [MAV] Telemetry streams requested @ 4.0 Hz. Waiting for GLOBAL_POSITION_INT ...
[2026-08-27 16:22:04,945] [lib.drone_lib] [INFO] [MAV] Position streaming OK. Alt=2.0 m
[2026-08-27 16:22:08,438] [lib.aruco_lib] [INFO] ==========================================
[2026-08-27 16:22:08,438] [lib.aruco_lib] [INFO]        ERC DRONE MISSION BOOTLOADER       
[2026-08-27 16:22:08,438] [lib.aruco_lib] [INFO] ==========================================
[2026-08-27 16:22:08,438] [lib.status] [INFO] Checkpoint loaded: Phase=SEARCHING, SearchWP=0
[2026-08-27 16:22:08,439] [lib.drone_lib] [INFO] Telemetry Status: Armed=False, Estimated Alt=2.20m
[2026-08-27 16:22:08,439] [lib.aruco_lib] [INFO] Drone is grounded. Normal startup sequence.
[2026-08-27 16:22:08,704] [lib.aruco_lib] [INFO] Detected ArUCO [101] with offset (0.11839890095734253, 0.04028121408526222, 2.005341270334747).
[2026-08-27 16:22:08,705] [lib.aruco_lib] [INFO] Home ArUco (101) detected at camera offset: [0.1183989  0.04028121 2.00534127]
[2026-08-27 16:22:08,943] [lib.aruco_lib] [INFO] Detected ArUCO [101] with offset (0.11971489007435106, 0.04036777190954474, 2.0037853408719557).
[2026-08-27 16:22:08,943] [lib.aruco_lib] [INFO] Home ArUco (101) detected at camera offset: [0.11971489 0.04036777 2.00378534]
[2026-08-27 16:22:09,195] [lib.aruco_lib] [INFO] Detected ArUCO [101] with offset (0.1199503781383468, 0.04028138697753448, 2.00537121096577).
[2026-08-27 16:22:09,196] [lib.aruco_lib] [INFO] Home ArUco (101) detected at camera offset: [0.11995038 0.04028139 2.00537121]
[2026-08-27 16:22:09,446] [lib.aruco_lib] [INFO] Detected ArUCO [101] with offset (0.1196431791839683, 0.04019809273870803, 2.008942015986702).
[2026-08-27 16:22:09,446] [lib.aruco_lib] [INFO] Home ArUco (101) detected at camera offset: [0.11964318 0.04019809 2.00894202]
[2026-08-27 16:22:09,694] [lib.aruco_lib] [INFO] Detected ArUCO [101] with offset (0.12048813384617557, 0.03882095134437937, 2.0037906900240925).
[2026-08-27 16:22:09,694] [lib.aruco_lib] [INFO] Home ArUco (101) detected at camera offset: [0.12048813 0.03882095 2.00379069]
[2026-08-27 16:22:09,947] [lib.aruco_lib] [INFO] Detected ArUCO [101] with offset (0.12118980225954026, 0.0386478581389203, 2.0090294432833535).
[2026-08-27 16:22:09,948] [lib.aruco_lib] [INFO] Home ArUco (101) detected at camera offset: [0.1211898  0.03864786 2.00902944]
[2026-08-27 16:22:10,202] [lib.aruco_lib] [INFO] Detected ArUCO [101] with offset (0.12203701001266185, 0.0372742942751055, 2.0038386694017754).
[2026-08-27 16:22:10,203] [lib.aruco_lib] [INFO] Home ArUco (101) detected at camera offset: [0.12203701 0.03727429 2.00383867]
[2026-08-27 16:22:10,443] [lib.aruco_lib] [INFO] Detected ArUCO [101] with offset (0.12150202909463052, 0.03718057350310741, 2.0054040453295334).
[2026-08-27 16:22:10,444] [lib.aruco_lib] [INFO] Home ArUco (101) detected at camera offset: [0.12150203 0.03718057 2.00540405]
[2026-08-27 16:22:10,697] [lib.aruco_lib] [INFO] Detected ArUCO [101] with offset (0.12150194036146672, 0.03873107494766501, 2.0054026531493).
[2026-08-27 16:22:10,697] [lib.aruco_lib] [INFO] Home ArUco (101) detected at camera offset: [0.12150194 0.03873107 2.00540265]
[2026-08-27 16:22:10,953] [lib.aruco_lib] [INFO] Detected ArUCO [101] with offset (0.12150194036146672, 0.03873107494766501, 2.0054026531493).
[2026-08-27 16:22:10,953] [lib.aruco_lib] [INFO] Home ArUco (101) detected at camera offset: [0.12150194 0.03873107 2.00540265]
[2026-08-27 16:22:11,196] [lib.aruco_lib] [INFO] Detected ArUCO [101] with offset (0.12155028369663524, 0.03875492163573188, 2.009017796889018).
[2026-08-27 16:22:11,197] [lib.aruco_lib] [INFO] Home ArUco (101) detected at camera offset: [0.12155028 0.03875492 2.0090178 ]
[2026-08-27 16:22:11,445] [lib.aruco_lib] [INFO] Detected ArUCO [101] with offset (0.1212631107133853, 0.04036793672259514, 2.0038195082068158).
[2026-08-27 16:22:11,445] [lib.aruco_lib] [INFO] Home ArUco (101) detected at camera offset: [0.12126311 0.04036794 2.00381951]
[2026-08-27 16:22:11,698] [lib.aruco_lib] [INFO] Detected ArUCO [101] with offset (0.11989367348322381, 0.04046359253422895, 1.9985818965316717).
[2026-08-27 16:22:11,699] [lib.aruco_lib] [INFO] Home ArUco (101) detected at camera offset: [0.11989367 0.04046359 1.9985819 ]
[2026-08-27 16:22:11,948] [lib.aruco_lib] [INFO] Detected ArUCO [101] with offset (0.1196431791839683, 0.04019809273870803, 2.008942015986702).
[2026-08-27 16:22:11,948] [lib.aruco_lib] [INFO] Home ArUco (101) detected at camera offset: [0.11964318 0.04019809 2.00894202]
[2026-08-27 16:22:12,207] [lib.aruco_lib] [INFO] Detected ArUCO [101] with offset (0.1199503781383468, 0.04028138697753448, 2.00537121096577).
[2026-08-27 16:22:12,208] [lib.aruco_lib] [INFO] Home ArUco (101) detected at camera offset: [0.11995038 0.04028139 2.00537121]
[2026-08-27 16:22:12,457] [lib.aruco_lib] [INFO] Detected ArUCO [101] with offset (0.1196431791839683, 0.04019809273870803, 2.008942015986702).
[2026-08-27 16:22:12,458] [lib.aruco_lib] [INFO] Home ArUco (101) detected at camera offset: [0.11964318 0.04019809 2.00894202]
[2026-08-27 16:22:12,702] [lib.aruco_lib] [INFO] Detected ArUCO [101] with offset (0.11995046608804931, 0.038730890581185784, 2.005372540775739).
[2026-08-27 16:22:12,702] [lib.aruco_lib] [INFO] Home ArUco (101) detected at camera offset: [0.11995047 0.03873089 2.00537254]
[2026-08-27 16:22:12,951] [lib.aruco_lib] [INFO] Detected ArUCO [101] with offset (0.1199922345577317, 0.038747150426741976, 2.008857420143131).
[2026-08-27 16:22:12,951] [lib.aruco_lib] [INFO] Home ArUco (101) detected at camera offset: [0.11999223 0.03874715 2.00885742]
[2026-08-27 16:22:13,204] [lib.aruco_lib] [INFO] Detected ArUCO [101] with offset (0.11815448713697663, 0.03952595857056323, 1.9975760051380118).
[2026-08-27 16:22:13,205] [lib.aruco_lib] [INFO] Home ArUco (101) detected at camera offset: [0.11815449 0.03952596 1.99757601]
[2026-08-27 16:22:13,451] [lib.aruco_lib] [INFO] Detected ArUCO [101] with offset (0.11661857139508217, 0.04036744018250147, 2.003718601181565).
[2026-08-27 16:22:13,452] [lib.aruco_lib] [INFO] Home ArUco (101) detected at camera offset: [0.11661857 0.04036744 2.0037186 ]
[2026-08-27 16:22:13,705] [lib.aruco_lib] [INFO] Detected ArUCO [101] with offset (0.11529592084322814, 0.040280914526142464, 2.0052822560484604).
[2026-08-27 16:22:13,706] [lib.aruco_lib] [INFO] Home ArUco (101) detected at camera offset: [0.11529592 0.04028091 2.00528226]
[2026-08-27 16:22:13,949] [lib.aruco_lib] [INFO] Detected ArUCO [101] with offset (0.11687629619351059, 0.04028204172464177, 2.008608924534307).
[2026-08-27 16:22:13,949] [lib.aruco_lib] [INFO] Home ArUco (101) detected at camera offset: [0.1168763  0.04028204 2.00860892]
[2026-08-27 16:22:19,949] [lib.drone_lib] [INFO] [MAV] Connecting to tcp:localhost:5762 ...
[2026-08-27 16:22:19,978] [lib.drone_lib] [INFO] [MAV] Heartbeat from system 1, component 0
[2026-08-27 16:22:19,978] [lib.drone_lib] [INFO] [MAV] Telemetry streams requested @ 4.0 Hz. Waiting for GLOBAL_POSITION_INT ...
[2026-08-27 16:22:19,978] [lib.drone_lib] [INFO] [MAV] Position streaming OK. Alt=2.0 m
[2026-08-27 16:22:20,487] [lib.aruco_lib] [INFO] ==========================================
[2026-08-27 16:22:20,488] [lib.aruco_lib] [INFO]        ERC DRONE MISSION BOOTLOADER       
[2026-08-27 16:22:20,488] [lib.aruco_lib] [INFO] ==========================================
[2026-08-27 16:22:20,488] [lib.status] [INFO] No checkpoint found. Initializing fresh state.
[2026-08-27 16:22:20,705] [lib.drone_lib] [INFO] Telemetry Status: Armed=False, Estimated Alt=2.19m
[2026-08-27 16:22:20,705] [lib.aruco_lib] [INFO] Drone is grounded. Normal startup sequence.
[2026-08-27 16:22:20,706] [lib.aruco_lib] [INFO] Ready for launch. Waiting for launch signal...
[2026-08-27 16:22:20,706] [lib.aruco_lib] [INFO] --- Starting Mission ---
[2026-08-27 16:22:20,706] [lib.drone_lib] [INFO] [MAV] Switching to GUIDED ...
[2026-08-27 16:22:21,707] [lib.drone_lib] [INFO] [MAV] Arming ...
[2026-08-27 16:22:21,707] [lib.drone_lib] [INFO] [MAV] Armed.
[2026-08-27 16:22:21,707] [lib.drone_lib] [INFO] [MAV] Taking off to 2.0 m ...
[2026-08-27 16:22:21,708] [lib.drone_lib] [INFO] [MAV] Reached 2.0 m.
[2026-08-27 16:22:26,729] [lib.aruco_lib] [INFO] Detected ArUCO [101] with offset (0.12358304576734153, 0.0434617544328537, 2.003829592584308).
[2026-08-27 16:22:26,729] [lib.aruco_lib] [INFO] Home ArUco (101) detected at camera offset: [0.12358305 0.04346175 2.00382959]
[2026-08-27 16:22:26,730] [lib.aruco_lib] [INFO] Moving to first waypoint
[2026-08-27 16:22:26,807] [lib.aruco_lib] [INFO] Detected ArUCO [101] with offset (0.1230531061311354, 0.043382701649693746, 2.005430392766092).
[2026-08-27 16:22:26,807] [lib.aruco_lib] [INFO] Home ArUco (101) detected at camera offset: [0.12305311 0.0433827  2.00543039]
[2026-08-27 16:22:26,906] [lib.aruco_lib] [INFO] Detected ArUCO [101] with offset (0.11608315645377944, 0.03713748741057114, 2.0060871092158123).
[2026-08-27 16:22:26,907] [lib.aruco_lib] [INFO] Home ArUco (101) detected at camera offset: [0.11608316 0.03713749 2.00608711]
[2026-08-27 16:22:27,005] [lib.aruco_lib] [INFO] Detected ArUCO [101] with offset (0.07805284853007664, 0.0015033419753402108, 2.0048009136989866).
[2026-08-27 16:22:27,005] [lib.aruco_lib] [INFO] Home ArUco (101) detected at camera offset: [7.80528485e-02 1.50334198e-03 2.00480091e+00]
[2026-08-27 16:22:27,727] [lib.aruco_lib] [INFO] Detected ArUCO [101] with offset (0.009905132133720414, -0.06615766412535706, 1.9844406702384587).
[2026-08-27 16:22:27,727] [lib.aruco_lib] [INFO] Home ArUco (101) detected at camera offset: [ 0.00990513 -0.06615766  1.98444067]
[2026-08-27 16:22:27,761] [lib.aruco_lib] [INFO] Detected ArUCO [101] with offset (-0.07202846513740643, -0.15247247417899573, 1.9647135543491239).
[2026-08-27 16:22:27,762] [lib.aruco_lib] [INFO] Home ArUco (101) detected at camera offset: [-0.07202847 -0.15247247  1.96471355]
[2026-08-27 16:22:27,851] [lib.aruco_lib] [INFO] Detected ArUCO [101] with offset (-0.15573624357123506, -0.23833571039444135, 1.9314909386443173).
[2026-08-27 16:22:27,851] [lib.aruco_lib] [INFO] Home ArUco (101) detected at camera offset: [-0.15573624 -0.23833571  1.93149094]
[2026-08-27 16:22:27,951] [lib.aruco_lib] [INFO] Detected ArUCO [101] with offset (-0.2071349739980943, -0.3083311463502589, 1.8803084737340787).
[2026-08-27 16:22:27,951] [lib.aruco_lib] [INFO] Home ArUco (101) detected at camera offset: [-0.20713497 -0.30833115  1.88030847]
[2026-08-27 16:22:28,052] [lib.aruco_lib] [INFO] Detected ArUCO [101] with offset (-0.19259089036591476, -0.3401556693572747, 1.8516354047483221).
[2026-08-27 16:22:28,052] [lib.aruco_lib] [INFO] Home ArUco (101) detected at camera offset: [-0.19259089 -0.34015567  1.8516354 ]
[2026-08-27 16:22:28,157] [lib.aruco_lib] [INFO] Detected ArUCO [101] with offset (-0.11863252881045326, -0.3126444115320171, 1.8450037857397832).
[2026-08-27 16:22:28,157] [lib.aruco_lib] [INFO] Home ArUco (101) detected at camera offset: [-0.11863253 -0.31264441  1.84500379]
[2026-08-27 16:22:28,259] [lib.aruco_lib] [INFO] Detected ArUCO [101] with offset (-0.015827753407555628, -0.213032037524383, 1.8562634249463685).
[2026-08-27 16:22:28,260] [lib.aruco_lib] [INFO] Home ArUco (101) detected at camera offset: [-0.01582775 -0.21303204  1.85626342]
[2026-08-27 16:22:28,358] [lib.aruco_lib] [INFO] Detected ArUCO [101] with offset (0.10178413233412294, -0.018246876105307154, 1.903679027534327).
[2026-08-27 16:22:28,358] [lib.aruco_lib] [INFO] Home ArUco (101) detected at camera offset: [ 0.10178413 -0.01824688  1.90367903]
[2026-08-27 16:22:28,458] [lib.aruco_lib] [INFO] Detected ArUCO [101] with offset (0.2069755657636684, 0.2808800764504373, 1.9462315943857629).
[2026-08-27 16:22:28,458] [lib.aruco_lib] [INFO] Home ArUco (101) detected at camera offset: [0.20697557 0.28088008 1.94623159]
[2026-08-27 16:22:28,558] [lib.aruco_lib] [INFO] Detected ArUCO [101] with offset (0.26232996542269305, 0.6633165052214649, 1.977416213031787).
[2026-08-27 16:22:28,558] [lib.aruco_lib] [INFO] Home ArUco (101) detected at camera offset: [0.26232997 0.66331651 1.97741621]
[2026-08-27 16:22:30,273] [lib.aruco_lib] [INFO] Reached search waypoint 0
[2026-08-27 16:22:32,325] [lib.aruco_lib] [INFO] Detected ArUCO [102] with offset (1.09570046956865, 0.12136325598040487, 2.2318644306800888).
[2026-08-27 16:22:32,325] [lib.aruco_lib] [INFO] Landing ArUco (102) detected at camera offset: [1.09570047 0.12136326 2.23186443]
[2026-08-27 16:22:32,325] [lib.aruco_lib] [INFO] Calculated Landing Pad NED: N=1.86, E=2.22
[2026-08-27 16:22:32,578] [lib.aruco_lib] [INFO] Detected ArUCO [102] with offset (0.43853104713851326, 0.4651119855725638, 1.9553477043805916).
[2026-08-27 16:22:32,578] [lib.aruco_lib] [INFO] Landing ArUco (102) detected at camera offset: [0.43853105 0.46511199 1.9553477 ]
[2026-08-27 16:22:32,578] [lib.aruco_lib] [INFO] Calculated Landing Pad NED: N=1.55, E=2.14
[2026-08-27 16:22:32,828] [lib.aruco_lib] [INFO] Reached search waypoint 1
[2026-08-27 16:22:33,335] [lib.aruco_lib] [INFO] Detected ArUCO [102] with offset (0.8334343786032589, 0.6803662259740274, 1.7259737330490652).
[2026-08-27 16:22:33,335] [lib.aruco_lib] [INFO] Landing ArUco (102) detected at camera offset: [0.83343438 0.68036623 1.72597373]
[2026-08-27 16:22:33,335] [lib.aruco_lib] [INFO] Calculated Landing Pad NED: N=1.35, E=2.95
[2026-08-27 16:22:33,838] [lib.aruco_lib] [INFO] Detected ArUCO [102] with offset (0.8024431656894423, -0.4016574079893497, 1.7168962845965994).
[2026-08-27 16:22:33,838] [lib.aruco_lib] [INFO] Landing ArUco (102) detected at camera offset: [ 0.80244317 -0.40165741  1.71689628]
[2026-08-27 16:22:33,838] [lib.aruco_lib] [INFO] Calculated Landing Pad NED: N=2.03, E=2.55
[2026-08-27 16:22:34,339] [lib.aruco_lib] [INFO] Detected ArUCO [102] with offset (-0.5007695052246193, -0.45228016239666863, 1.8958630437881805).
[2026-08-27 16:22:34,340] [lib.aruco_lib] [INFO] Landing ArUco (102) detected at camera offset: [-0.50076951 -0.45228016  1.89586304]
[2026-08-27 16:22:34,340] [lib.aruco_lib] [INFO] Calculated Landing Pad NED: N=0.98, E=1.07
[2026-08-27 16:22:35,353] [lib.aruco_lib] [INFO] Reached search waypoint 2
[2026-08-27 16:22:37,881] [lib.aruco_lib] [INFO] Reached search waypoint 3
[2026-08-27 16:22:38,128] [lib.aruco_lib] [INFO] Reached search waypoint 3
[2026-08-27 16:22:38,129] [lib.aruco_lib] [INFO] Centering over landing target: (1.55, 2.18)
[2026-08-27 16:22:42,837] [lib.aruco_lib] [WARNING] Target lost during alignment!
[2026-08-27 16:22:42,852] [lib.aruco_lib] [INFO] Reached search waypoint 3
[2026-08-27 16:22:42,853] [lib.aruco_lib] [INFO] Centering over landing target: (1.55, 2.18)
[2026-08-27 16:22:45,866] [lib.aruco_lib] [INFO] Detected ArUCO [102] with offset (0.028618991353552326, 0.28774957184423144, 1.8316757540571362).
[2026-08-27 16:22:45,867] [lib.aruco_lib] [INFO] Aligning complete. Distance: 0.2891692631706095m
[2026-08-27 16:22:45,867] [lib.aruco_lib] [INFO] Approach finalised, landing...
[2026-08-27 16:22:45,869] [lib.drone_lib] [INFO] [MAV] Switching to LAND mode – PLND active.
[2026-08-27 16:22:45,870] [lib.drone_lib] [INFO] Telemetry Status: Armed=True, Estimated Alt=1.99m
[2026-08-27 16:22:46,871] [lib.drone_lib] [INFO] Telemetry Status: Armed=False, Estimated Alt=1.98m
[2026-08-27 16:24:12,800] [lib.drone_lib] [INFO] [MAV] Connecting to tcp:localhost:5762 ...
[2026-08-27 16:24:12,835] [lib.drone_lib] [INFO] [MAV] Heartbeat from system 1, component 0
[2026-08-27 16:24:12,835] [lib.drone_lib] [INFO] [MAV] Telemetry streams requested @ 4.0 Hz. Waiting for GLOBAL_POSITION_INT ...
[2026-08-27 16:24:12,835] [lib.drone_lib] [INFO] [MAV] Position streaming OK. Alt=0.0 m
[2026-08-27 16:24:13,058] [lib.aruco_lib] [INFO] ==========================================
[2026-08-27 16:24:13,058] [lib.aruco_lib] [INFO]        ERC DRONE MISSION BOOTLOADER       
[2026-08-27 16:24:13,058] [lib.aruco_lib] [INFO] ==========================================
[2026-08-27 16:24:13,058] [lib.status] [INFO] Checkpoint loaded: Phase=LANDING, SearchWP=3
[2026-08-27 16:24:13,059] [lib.drone_lib] [INFO] Telemetry Status: Armed=False, Estimated Alt=0.20m
[2026-08-27 16:24:13,059] [lib.aruco_lib] [INFO] Drone is grounded. Normal startup sequence.
[2026-08-27 16:24:13,059] [lib.drone_lib] [INFO] [MAV] Switching to LAND mode – PLND active.
[2026-08-27 16:24:14,055] [lib.drone_lib] [INFO] Telemetry Status: Armed=False, Estimated Alt=0.20m
[2026-08-27 16:27:08,961] [lib.drone_lib] [INFO] [MAV] Connecting to tcp:localhost:5762 ...
[2026-08-27 16:27:08,987] [lib.drone_lib] [INFO] [MAV] Heartbeat from system 1, component 0
[2026-08-27 16:27:08,988] [lib.drone_lib] [INFO] [MAV] Telemetry streams requested @ 4.0 Hz. Waiting for GLOBAL_POSITION_INT ...
[2026-08-27 16:27:09,240] [lib.drone_lib] [INFO] [MAV] Position streaming OK. Alt=0.0 m
[2026-08-27 16:27:09,992] [lib.aruco_lib] [INFO] ==========================================
[2026-08-27 16:27:09,992] [lib.aruco_lib] [INFO]        ERC DRONE MISSION BOOTLOADER       
[2026-08-27 16:27:09,992] [lib.aruco_lib] [INFO] ==========================================
[2026-08-27 16:27:09,992] [lib.status] [INFO] No checkpoint found. Initializing fresh state.
[2026-08-27 16:27:09,993] [lib.drone_lib] [INFO] Telemetry Status: Armed=False, Estimated Alt=0.20m
[2026-08-27 16:27:09,993] [lib.aruco_lib] [INFO] Drone is grounded. Normal startup sequence.
[2026-08-27 16:27:09,993] [lib.aruco_lib] [INFO] Ready for launch. Waiting for launch signal...
[2026-08-27 16:27:09,993] [lib.aruco_lib] [INFO] --- Starting Mission ---
[2026-08-27 16:27:09,993] [lib.drone_lib] [INFO] [MAV] Switching to GUIDED ...
[2026-08-27 16:27:10,994] [lib.drone_lib] [INFO] [MAV] Arming ...
[2026-08-27 16:27:11,992] [lib.drone_lib] [INFO] [MAV] Armed.
[2026-08-27 16:27:11,992] [lib.drone_lib] [INFO] [MAV] Taking off to 2.0 m ...
[2026-08-27 16:27:16,280] [lib.drone_lib] [INFO] [MAV] Reached 1.9 m.
[2026-08-27 16:27:24,465] [lib.aruco_lib] [INFO] Detected ArUCO [101] with offset (0.11661734573706728, 0.04500776631012533, 2.0036961303291396).
[2026-08-27 16:27:24,466] [lib.aruco_lib] [INFO] Home ArUco (101) detected at camera offset: [0.11661735 0.04500777 2.00369613]
[2026-08-27 16:27:24,466] [lib.aruco_lib] [INFO] Moving to first waypoint
[2026-08-27 16:27:24,486] [lib.aruco_lib] [INFO] Detected ArUCO [101] with offset (0.11661734573706728, 0.04500776631012533, 2.0036961303291396).
[2026-08-27 16:27:24,486] [lib.aruco_lib] [INFO] Home ArUco (101) detected at camera offset: [0.11661735 0.04500777 2.00369613]
[2026-08-27 16:27:24,587] [lib.aruco_lib] [INFO] Detected ArUCO [101] with offset (0.11529566750340146, 0.044932324902117834, 2.0052777593724964).
[2026-08-27 16:27:24,588] [lib.aruco_lib] [INFO] Home ArUco (101) detected at camera offset: [0.11529567 0.04493232 2.00527776]
[2026-08-27 16:27:24,684] [lib.aruco_lib] [INFO] Detected ArUCO [101] with offset (0.09667705520317929, 0.02942590303791068, 2.004983646544937).
[2026-08-27 16:27:24,684] [lib.aruco_lib] [INFO] Home ArUco (101) detected at camera offset: [0.09667706 0.0294259  2.00498365]
[2026-08-27 16:27:24,783] [lib.aruco_lib] [INFO] Detected ArUCO [101] with offset (0.045869007872052434, -0.02052191639001416, 1.98836478161804).
[2026-08-27 16:27:24,783] [lib.aruco_lib] [INFO] Home ArUco (101) detected at camera offset: [ 0.04586901 -0.02052192  1.98836478]
[2026-08-27 16:27:25,495] [lib.aruco_lib] [INFO] Detected ArUCO [101] with offset (-0.029771134177922886, -0.0990625691101347, 1.9743119002658869).
[2026-08-27 16:27:25,496] [lib.aruco_lib] [INFO] Home ArUco (101) detected at camera offset: [-0.02977113 -0.09906257  1.9743119 ]
[2026-08-27 16:27:25,523] [lib.aruco_lib] [INFO] Detected ArUCO [101] with offset (-0.11491216979399224, -0.18427386042816174, 1.9390751344606598).
[2026-08-27 16:27:25,524] [lib.aruco_lib] [INFO] Home ArUco (101) detected at camera offset: [-0.11491217 -0.18427386  1.93907513]
[2026-08-27 16:27:25,624] [lib.aruco_lib] [INFO] Detected ArUCO [101] with offset (-0.19113552442881881, -0.2643188016673569, 1.9051485033930944).
[2026-08-27 16:27:25,624] [lib.aruco_lib] [INFO] Home ArUco (101) detected at camera offset: [-0.19113552 -0.2643188   1.9051485 ]
[2026-08-27 16:27:25,723] [lib.aruco_lib] [INFO] Detected ArUCO [101] with offset (-0.2165189970410562, -0.3180014565092215, 1.8619282031219524).
[2026-08-27 16:27:25,723] [lib.aruco_lib] [INFO] Home ArUco (101) detected at camera offset: [-0.216519   -0.31800146  1.8619282 ]
[2026-08-27 16:27:25,824] [lib.aruco_lib] [INFO] Detected ArUCO [101] with offset (-0.17532632074765067, -0.3297202752065671, 1.8394599476966396).
[2026-08-27 16:27:25,825] [lib.aruco_lib] [INFO] Home ArUco (101) detected at camera offset: [-0.17532632 -0.32972028  1.83945995]
[2026-08-27 16:27:25,926] [lib.aruco_lib] [INFO] Detected ArUCO [101] with offset (-0.08632931067940967, -0.27428754013431905, 1.8448764757396854).
[2026-08-27 16:27:25,926] [lib.aruco_lib] [INFO] Home ArUco (101) detected at camera offset: [-0.08632931 -0.27428754  1.84487648]
[2026-08-27 16:27:26,029] [lib.aruco_lib] [INFO] Detected ArUCO [101] with offset (0.02539277225271127, -0.14037924046983719, 1.8696965543526012).
[2026-08-27 16:27:26,030] [lib.aruco_lib] [INFO] Home ArUco (101) detected at camera offset: [ 0.02539277 -0.14037924  1.86969655]
[2026-08-27 16:27:26,133] [lib.aruco_lib] [INFO] Detected ArUCO [101] with offset (0.1450344505244719, 0.09713571466216586, 1.9122060972601285).
[2026-08-27 16:27:26,133] [lib.aruco_lib] [INFO] Home ArUco (101) detected at camera offset: [0.14503445 0.09713571 1.9122061 ]
[2026-08-27 16:27:26,233] [lib.aruco_lib] [INFO] Detected ArUCO [101] with offset (0.23649063847635676, 0.43376794261565255, 1.9657831446294498).
[2026-08-27 16:27:26,233] [lib.aruco_lib] [INFO] Home ArUco (101) detected at camera offset: [0.23649064 0.43376794 1.96578314]
[2026-08-27 16:27:26,334] [lib.aruco_lib] [INFO] Detected ArUCO [101] with offset (0.2904911449598045, 0.9205982897721797, 2.167568821594472).
[2026-08-27 16:27:26,334] [lib.aruco_lib] [INFO] Home ArUco (101) detected at camera offset: [0.29049114 0.92059829 2.16756882]
[2026-08-27 16:27:27,749] [lib.aruco_lib] [INFO] Reached search waypoint 0
[2026-08-27 16:27:29,776] [lib.aruco_lib] [INFO] Detected ArUCO [102] with offset (1.1510004367738826, 0.024246559245769125, 2.217760674142297).
[2026-08-27 16:27:29,777] [lib.aruco_lib] [INFO] Landing ArUco (102) detected at camera offset: [1.15100044 0.02424656 2.21776067]
[2026-08-27 16:27:29,777] [lib.aruco_lib] [INFO] Calculated Landing Pad NED: N=1.92, E=2.19
[2026-08-27 16:27:30,030] [lib.aruco_lib] [INFO] Detected ArUCO [102] with offset (0.5313007774806152, 0.42952607033076334, 2.1569034052225553).
[2026-08-27 16:27:30,030] [lib.aruco_lib] [INFO] Landing ArUco (102) detected at camera offset: [0.53130078 0.42952607 2.15690341]
[2026-08-27 16:27:30,031] [lib.aruco_lib] [INFO] Calculated Landing Pad NED: N=1.57, E=2.17
[2026-08-27 16:27:30,279] [lib.aruco_lib] [INFO] Reached search waypoint 1
[2026-08-27 16:27:30,785] [lib.aruco_lib] [INFO] Detected ArUCO [102] with offset (0.860707857780856, 0.6560383875404534, 1.691746906570212).
[2026-08-27 16:27:30,786] [lib.aruco_lib] [INFO] Landing ArUco (102) detected at camera offset: [0.86070786 0.65603839 1.69174691]
[2026-08-27 16:27:30,786] [lib.aruco_lib] [INFO] Calculated Landing Pad NED: N=1.38, E=2.99
[2026-08-27 16:27:31,287] [lib.aruco_lib] [INFO] Detected ArUCO [102] with offset (0.785936822504727, -0.3953770512958863, 1.723012984103664).
[2026-08-27 16:27:31,287] [lib.aruco_lib] [INFO] Landing ArUco (102) detected at camera offset: [ 0.78593682 -0.39537705  1.72301298]
[2026-08-27 16:27:31,288] [lib.aruco_lib] [INFO] Calculated Landing Pad NED: N=2.02, E=2.56
[2026-08-27 16:27:31,790] [lib.aruco_lib] [INFO] Detected ArUCO [102] with offset (-0.5790134684491762, -0.38033853141912083, 1.8983029424129296).
[2026-08-27 16:27:31,790] [lib.aruco_lib] [INFO] Landing ArUco (102) detected at camera offset: [-0.57901347 -0.38033853  1.89830294]
[2026-08-27 16:27:31,790] [lib.aruco_lib] [INFO] Calculated Landing Pad NED: N=0.90, E=0.99
[2026-08-27 16:27:32,803] [lib.aruco_lib] [INFO] Reached search waypoint 2
[2026-08-27 16:27:35,336] [lib.aruco_lib] [INFO] Reached search waypoint 3
[2026-08-27 16:27:35,590] [lib.aruco_lib] [INFO] Reached search waypoint 3
[2026-08-27 16:27:35,591] [lib.aruco_lib] [INFO] Centering over landing target: (1.56, 2.18)
[2026-08-27 16:27:38,608] [lib.aruco_lib] [WARNING] Target lost during alignment!
[2026-08-27 16:27:38,640] [lib.aruco_lib] [INFO] Reached search waypoint 3
[2026-08-27 16:27:38,641] [lib.aruco_lib] [INFO] Centering over landing target: (1.56, 2.18)
[2026-08-27 16:27:41,655] [lib.aruco_lib] [INFO] Detected ArUCO [102] with offset (0.03396602932153562, 0.2860662244404826, 1.8257299523016317).
[2026-08-27 16:27:41,656] [lib.aruco_lib] [INFO] Aligning complete. Distance: 0.28807564269390074m
[2026-08-27 16:27:41,656] [lib.aruco_lib] [INFO] Approach finalised, landing...
[2026-08-27 16:27:41,658] [lib.drone_lib] [INFO] [MAV] Switching to LAND mode – PLND active.
[2026-08-27 16:27:41,659] [lib.drone_lib] [INFO] Telemetry Status: Armed=False, Estimated Alt=1.99m
[2026-08-27 16:29:26,821] [lib.drone_lib] [INFO] [MAV] Connecting to tcp:localhost:5762 ...
[2026-08-27 16:29:26,853] [lib.drone_lib] [INFO] [MAV] Heartbeat from system 1, component 0
[2026-08-27 16:29:26,853] [lib.drone_lib] [INFO] [MAV] Telemetry streams requested @ 4.0 Hz. Waiting for GLOBAL_POSITION_INT ...
[2026-08-27 16:29:27,104] [lib.drone_lib] [INFO] [MAV] Position streaming OK. Alt=0.0 m
[2026-08-27 16:29:27,606] [lib.aruco_lib] [INFO] ==========================================
[2026-08-27 16:29:27,607] [lib.aruco_lib] [INFO]        ERC DRONE MISSION BOOTLOADER       
[2026-08-27 16:29:27,607] [lib.aruco_lib] [INFO] ==========================================
[2026-08-27 16:29:27,607] [lib.status] [INFO] Checkpoint loaded: Phase=LANDING, SearchWP=3
[2026-08-27 16:29:27,608] [lib.drone_lib] [INFO] Telemetry Status: Armed=False, Estimated Alt=0.20m
[2026-08-27 16:29:27,608] [lib.aruco_lib] [INFO] Drone is grounded. Normal startup sequence.
[2026-08-27 16:29:27,608] [lib.drone_lib] [INFO] [MAV] Switching to LAND mode – PLND active.
[2026-08-27 16:29:27,858] [lib.drone_lib] [INFO] Telemetry Status: Armed=False, Estimated Alt=0.20m
[2026-08-27 16:29:40,025] [lib.drone_lib] [INFO] [MAV] Connecting to tcp:localhost:5762 ...
[2026-08-27 16:29:40,057] [lib.drone_lib] [INFO] [MAV] Heartbeat from system 1, component 0
[2026-08-27 16:29:40,058] [lib.drone_lib] [INFO] [MAV] Telemetry streams requested @ 4.0 Hz. Waiting for GLOBAL_POSITION_INT ...
[2026-08-27 16:29:40,058] [lib.drone_lib] [INFO] [MAV] Position streaming OK. Alt=0.0 m
[2026-08-27 16:29:43,509] [lib.aruco_lib] [INFO] ==========================================
[2026-08-27 16:29:43,509] [lib.aruco_lib] [INFO]        ERC DRONE MISSION BOOTLOADER       
[2026-08-27 16:29:43,509] [lib.aruco_lib] [INFO] ==========================================
[2026-08-27 16:29:43,510] [lib.status] [INFO] Checkpoint loaded: Phase=LANDING, SearchWP=3
[2026-08-27 16:29:43,524] [lib.drone_lib] [INFO] Telemetry Status: Armed=False, Estimated Alt=0.20m
[2026-08-27 16:29:43,524] [lib.aruco_lib] [INFO] Drone is grounded. Normal startup sequence.
[2026-08-27 16:29:43,524] [lib.drone_lib] [INFO] [MAV] Switching to LAND mode – PLND active.
[2026-08-27 16:29:44,024] [lib.drone_lib] [INFO] Telemetry Status: Armed=False, Estimated Alt=0.20m
[2026-08-27 16:30:03,206] [lib.drone_lib] [INFO] [MAV] Connecting to tcp:localhost:5762 ...
[2026-08-27 16:30:03,233] [lib.drone_lib] [INFO] [MAV] Heartbeat from system 1, component 0
[2026-08-27 16:30:03,234] [lib.drone_lib] [INFO] [MAV] Telemetry streams requested @ 4.0 Hz. Waiting for GLOBAL_POSITION_INT ...
[2026-08-27 16:30:03,234] [lib.drone_lib] [INFO] [MAV] Position streaming OK. Alt=0.0 m
[2026-08-27 16:30:03,601] [lib.aruco_lib] [INFO] ==========================================
[2026-08-27 16:30:03,601] [lib.aruco_lib] [INFO]        ERC DRONE MISSION BOOTLOADER       
[2026-08-27 16:30:03,601] [lib.aruco_lib] [INFO] ==========================================
[2026-08-27 16:30:03,601] [lib.status] [INFO] No checkpoint found. Initializing fresh state.
[2026-08-27 16:30:03,711] [lib.drone_lib] [INFO] Telemetry Status: Armed=False, Estimated Alt=0.20m
[2026-08-27 16:30:03,711] [lib.aruco_lib] [INFO] Drone is grounded. Normal startup sequence.
[2026-08-27 16:30:03,711] [lib.aruco_lib] [INFO] Ready for launch. Waiting for launch signal...
[2026-08-27 16:30:03,711] [lib.aruco_lib] [INFO] --- Starting Mission ---
[2026-08-27 16:30:03,711] [lib.drone_lib] [INFO] [MAV] Switching to GUIDED ...
[2026-08-27 16:30:04,712] [lib.drone_lib] [INFO] [MAV] Arming ...
[2026-08-27 16:30:05,242] [lib.drone_lib] [INFO] [MAV] Armed.
[2026-08-27 16:30:05,242] [lib.drone_lib] [INFO] [MAV] Taking off to 2.0 m ...
[2026-08-27 16:30:10,025] [lib.drone_lib] [INFO] [MAV] Reached 1.9 m.
[2026-08-27 16:30:15,050] [lib.aruco_lib] [INFO] Detected ArUCO [101] with offset (0.1183985230569301, 0.046483048890614685, 2.0053371255221486).
[2026-08-27 16:30:15,051] [lib.aruco_lib] [INFO] Home ArUco (101) detected at camera offset: [0.11839852 0.04648305 2.00533713]
[2026-08-27 16:30:15,051] [lib.aruco_lib] [INFO] Moving to first waypoint
[2026-08-27 16:30:15,082] [lib.aruco_lib] [INFO] Detected ArUCO [101] with offset (0.11816506203125511, 0.04655482554551495, 2.0037232679795403).
[2026-08-27 16:30:15,082] [lib.aruco_lib] [INFO] Home ArUco (101) detected at camera offset: [0.11816506 0.04655483 2.00372327]
[2026-08-27 16:30:15,183] [lib.aruco_lib] [INFO] Detected ArUCO [101] with offset (0.11661702434980098, 0.04655458399443805, 2.003691664699851).
[2026-08-27 16:30:15,183] [lib.aruco_lib] [INFO] Home ArUco (101) detected at camera offset: [0.11661702 0.04655458 2.00369166]
[2026-08-27 16:30:15,282] [lib.aruco_lib] [INFO] Detected ArUCO [101] with offset (0.09649870138065585, 0.029540469075101022, 2.003404685086602).
[2026-08-27 16:30:15,282] [lib.aruco_lib] [INFO] Home ArUco (101) detected at camera offset: [0.0964987  0.02954047 2.00340469]
[2026-08-27 16:30:15,385] [lib.aruco_lib] [INFO] Detected ArUCO [101] with offset (0.04397084217769776, -0.02179344034897635, 1.9964175394151407).
[2026-08-27 16:30:15,385] [lib.aruco_lib] [INFO] Home ArUco (101) detected at camera offset: [ 0.04397084 -0.02179344  1.99641754]
[2026-08-27 16:30:18,852] [lib.aruco_lib] [INFO] Detected ArUCO [101] with offset (-0.031240478602166614, -0.09905673768529172, 1.9724215795407165).
[2026-08-27 16:30:18,852] [lib.aruco_lib] [INFO] Home ArUco (101) detected at camera offset: [-0.03124048 -0.09905674  1.97242158]
[2026-08-27 16:30:18,886] [lib.aruco_lib] [INFO] Detected ArUCO [101] with offset (-0.11638829503084802, -0.18516200063031607, 1.9360093316252205).
[2026-08-27 16:30:18,886] [lib.aruco_lib] [INFO] Home ArUco (101) detected at camera offset: [-0.1163883  -0.185162    1.93600933]
[2026-08-27 16:30:18,979] [lib.aruco_lib] [INFO] Detected ArUCO [101] with offset (-0.19170551739932737, -0.26419140580545414, 1.898281553953256).
[2026-08-27 16:30:18,979] [lib.aruco_lib] [INFO] Home ArUco (101) detected at camera offset: [-0.19170552 -0.26419141  1.89828155]
[2026-08-27 16:30:19,082] [lib.aruco_lib] [INFO] Detected ArUCO [101] with offset (-0.2145169182837629, -0.3164503201974844, 1.861076516996995).
[2026-08-27 16:30:19,083] [lib.aruco_lib] [INFO] Home ArUco (101) detected at camera offset: [-0.21451692 -0.31645032  1.86107652]
[2026-08-27 16:30:19,183] [lib.aruco_lib] [INFO] Detected ArUCO [101] with offset (-0.17094400721391528, -0.3257759499180788, 1.8458004722692445).
[2026-08-27 16:30:19,183] [lib.aruco_lib] [INFO] Home ArUco (101) detected at camera offset: [-0.17094401 -0.32577595  1.84580047]
[2026-08-27 16:30:19,284] [lib.aruco_lib] [INFO] Detected ArUCO [101] with offset (-0.08195493390881828, -0.27022596744792154, 1.849557623202447).
[2026-08-27 16:30:19,284] [lib.aruco_lib] [INFO] Home ArUco (101) detected at camera offset: [-0.08195493 -0.27022597  1.84955762]
[2026-08-27 16:30:19,386] [lib.aruco_lib] [INFO] Detected ArUCO [101] with offset (0.031584097691486325, -0.13170617037312332, 1.873782414232602).
[2026-08-27 16:30:19,387] [lib.aruco_lib] [INFO] Home ArUco (101) detected at camera offset: [ 0.0315841  -0.13170617  1.87378241]
[2026-08-27 16:30:19,487] [lib.aruco_lib] [INFO] Detected ArUCO [101] with offset (0.14967416783496426, 0.10915821455460062, 1.9244229983260792).
[2026-08-27 16:30:19,487] [lib.aruco_lib] [INFO] Home ArUco (101) detected at camera offset: [0.14967417 0.10915821 1.924423  ]
[2026-08-27 16:30:19,586] [lib.aruco_lib] [INFO] Detected ArUCO [101] with offset (0.2394194579069963, 0.44856353295094814, 1.9688814652516091).
[2026-08-27 16:30:19,586] [lib.aruco_lib] [INFO] Home ArUco (101) detected at camera offset: [0.23941946 0.44856353 1.96888147]
[2026-08-27 16:30:21,102] [lib.aruco_lib] [INFO] Reached search waypoint 0
[2026-08-27 16:30:23,152] [lib.aruco_lib] [INFO] Detected ArUCO [102] with offset (1.062146227538878, 0.019652407016818276, 2.0134483891269244).
[2026-08-27 16:30:23,153] [lib.aruco_lib] [INFO] Landing ArUco (102) detected at camera offset: [1.06214623 0.01965241 2.01344839]
[2026-08-27 16:30:23,153] [lib.aruco_lib] [INFO] Calculated Landing Pad NED: N=1.93, E=2.13
[2026-08-27 16:30:23,407] [lib.aruco_lib] [INFO] Detected ArUCO [102] with offset (0.4935163120503457, 0.38537950811098814, 1.9759124703319584).
[2026-08-27 16:30:23,408] [lib.aruco_lib] [INFO] Landing ArUco (102) detected at camera offset: [0.49351631 0.38537951 1.97591247]
[2026-08-27 16:30:23,408] [lib.aruco_lib] [INFO] Calculated Landing Pad NED: N=1.62, E=2.15
[2026-08-27 16:30:23,652] [lib.aruco_lib] [INFO] Reached search waypoint 1
[2026-08-27 16:30:24,158] [lib.aruco_lib] [INFO] Detected ArUCO [102] with offset (0.8408824543977327, 0.6769846135656686, 1.690531012921781).
[2026-08-27 16:30:24,159] [lib.aruco_lib] [INFO] Landing ArUco (102) detected at camera offset: [0.84088245 0.67698461 1.69053101]
[2026-08-27 16:30:24,159] [lib.aruco_lib] [INFO] Calculated Landing Pad NED: N=1.35, E=2.97
[2026-08-27 16:30:24,667] [lib.aruco_lib] [INFO] Detected ArUCO [102] with offset (0.8088513588325871, -0.3758602624596684, 1.7171293297597987).
[2026-08-27 16:30:24,668] [lib.aruco_lib] [INFO] Landing ArUco (102) detected at camera offset: [ 0.80885136 -0.37586026  1.71712933]
[2026-08-27 16:30:24,668] [lib.aruco_lib] [INFO] Calculated Landing Pad NED: N=2.00, E=2.56
[2026-08-27 16:30:25,167] [lib.aruco_lib] [INFO] Detected ArUCO [102] with offset (-0.5195334171838889, -0.43392073306777723, 1.8950677346598845).
[2026-08-27 16:30:25,167] [lib.aruco_lib] [INFO] Landing ArUco (102) detected at camera offset: [-0.51953342 -0.43392073  1.89506773]
[2026-08-27 16:30:25,167] [lib.aruco_lib] [INFO] Calculated Landing Pad NED: N=0.96, E=1.05
[2026-08-27 16:30:26,176] [lib.aruco_lib] [INFO] Reached search waypoint 2
[2026-08-27 16:30:28,712] [lib.aruco_lib] [INFO] Reached search waypoint 3
[2026-08-27 16:30:28,963] [lib.aruco_lib] [INFO] Reached search waypoint 3
[2026-08-27 16:30:28,964] [lib.aruco_lib] [INFO] Centering over landing target: (1.57, 2.17)
[2026-08-27 16:30:31,981] [lib.aruco_lib] [WARNING] Target lost during alignment!
[2026-08-27 16:30:32,014] [lib.aruco_lib] [INFO] Reached search waypoint 3
[2026-08-27 16:30:32,015] [lib.aruco_lib] [INFO] Centering over landing target: (1.57, 2.17)
[2026-08-27 16:30:35,033] [lib.aruco_lib] [INFO] Detected ArUCO [102] with offset (0.04581505550481549, 0.28802891867781566, 1.8347617121673598).
[2026-08-27 16:30:35,034] [lib.aruco_lib] [INFO] Aligning complete. Distance: 0.2916499225194841m
[2026-08-27 16:30:35,034] [lib.aruco_lib] [INFO] Approach finalised, landing...
[2026-08-27 16:30:35,040] [lib.drone_lib] [INFO] [MAV] Switching to LAND mode – PLND active.
[2026-08-27 16:30:35,041] [lib.drone_lib] [INFO] Telemetry Status: Armed=False, Estimated Alt=1.99m
[2026-08-27 16:31:40,866] [lib.drone_lib] [INFO] [MAV] Connecting to tcp:localhost:5762 ...
[2026-08-27 16:31:40,907] [lib.drone_lib] [INFO] [MAV] Heartbeat from system 1, component 0
[2026-08-27 16:31:40,907] [lib.drone_lib] [INFO] [MAV] Telemetry streams requested @ 4.0 Hz. Waiting for GLOBAL_POSITION_INT ...
[2026-08-27 16:31:40,908] [lib.drone_lib] [INFO] [MAV] Position streaming OK. Alt=0.0 m
[2026-08-27 16:31:41,009] [lib.aruco_lib] [INFO] ==========================================
[2026-08-27 16:31:41,009] [lib.aruco_lib] [INFO]        ERC DRONE MISSION BOOTLOADER       
[2026-08-27 16:31:41,009] [lib.aruco_lib] [INFO] ==========================================
[2026-08-27 16:31:41,009] [lib.status] [INFO] No checkpoint found. Initializing fresh state.
[2026-08-27 16:31:41,622] [lib.drone_lib] [INFO] Telemetry Status: Armed=False, Estimated Alt=0.20m
[2026-08-27 16:31:41,622] [lib.aruco_lib] [INFO] Drone is grounded. Normal startup sequence.
[2026-08-27 16:31:41,622] [lib.aruco_lib] [INFO] Ready for launch. Waiting for launch signal...
[2026-08-27 16:31:41,622] [lib.aruco_lib] [INFO] --- Starting Mission ---
[2026-08-27 16:31:41,622] [lib.drone_lib] [INFO] [MAV] Switching to GUIDED ...
[2026-08-27 16:31:42,623] [lib.drone_lib] [INFO] [MAV] Arming ...
[2026-08-27 16:31:42,932] [lib.drone_lib] [INFO] [MAV] Armed.
[2026-08-27 16:31:42,932] [lib.drone_lib] [INFO] [MAV] Taking off to 2.0 m ...
[2026-08-27 16:31:47,955] [lib.drone_lib] [INFO] [MAV] Reached 1.9 m.
[2026-08-27 16:31:52,983] [lib.aruco_lib] [INFO] Detected ArUCO [102] with offset (0.053149200253320754, 0.21685439931046724, 2.016491362534547).
[2026-08-27 16:31:52,983] [lib.aruco_lib] [INFO] Landing ArUco (102) detected at camera offset: [0.0531492  0.2168544  2.01649136]
[2026-08-27 16:31:52,983] [lib.aruco_lib] [INFO] Calculated Landing Pad NED: N=1.39, E=2.04
[2026-08-27 16:31:52,986] [lib.aruco_lib] [INFO] Moving to first waypoint
[2026-08-27 16:31:53,032] [lib.aruco_lib] [INFO] Detected ArUCO [102] with offset (0.05336165912143523, 0.2158777889404414, 2.016599953417709).
[2026-08-27 16:31:53,033] [lib.aruco_lib] [INFO] Landing ArUco (102) detected at camera offset: [0.05336166 0.21587779 2.01659995]
[2026-08-27 16:31:53,033] [lib.aruco_lib] [INFO] Calculated Landing Pad NED: N=1.39, E=2.03
[2026-08-27 16:31:53,126] [lib.aruco_lib] [INFO] Detected ArUCO [102] with offset (0.05237094094678843, 0.2168551686305735, 2.0165003747211685).
[2026-08-27 16:31:53,126] [lib.aruco_lib] [INFO] Landing ArUco (102) detected at camera offset: [0.05237094 0.21685517 2.01650037]
[2026-08-27 16:31:53,126] [lib.aruco_lib] [INFO] Calculated Landing Pad NED: N=1.39, E=2.03
[2026-08-27 16:31:53,225] [lib.aruco_lib] [INFO] Detected ArUCO [102] with offset (0.02768542779517929, 0.23774797222342223, 2.0060811390481508).
[2026-08-27 16:31:53,225] [lib.aruco_lib] [INFO] Landing ArUco (102) detected at camera offset: [0.02768543 0.23774797 2.00608114]
[2026-08-27 16:31:53,225] [lib.aruco_lib] [INFO] Calculated Landing Pad NED: N=1.39, E=2.00
[2026-08-27 16:31:53,329] [lib.aruco_lib] [INFO] Detected ArUCO [102] with offset (-0.031444018783037084, 0.2912883033010755, 1.9966843920640294).
[2026-08-27 16:31:53,329] [lib.aruco_lib] [INFO] Landing ArUco (102) detected at camera offset: [-0.03144402  0.2912883   1.99668439]
[2026-08-27 16:31:53,329] [lib.aruco_lib] [INFO] Calculated Landing Pad NED: N=1.40, E=1.92
[2026-08-27 16:31:53,431] [lib.aruco_lib] [INFO] Detected ArUCO [102] with offset (-0.1131870873840053, 0.3655829311850543, 1.9740451178513878).
[2026-08-27 16:31:53,432] [lib.aruco_lib] [INFO] Landing ArUco (102) detected at camera offset: [-0.11318709  0.36558293  1.97404512]
[2026-08-27 16:31:53,432] [lib.aruco_lib] [INFO] Calculated Landing Pad NED: N=1.41, E=1.81
[2026-08-27 16:31:53,537] [lib.aruco_lib] [INFO] Detected ArUCO [102] with offset (-0.20187333777572664, 0.4426780430013331, 1.9300329408960109).
[2026-08-27 16:31:53,537] [lib.aruco_lib] [INFO] Landing ArUco (102) detected at camera offset: [-0.20187334  0.44267804  1.93003294]
[2026-08-27 16:31:53,537] [lib.aruco_lib] [INFO] Calculated Landing Pad NED: N=1.44, E=1.69
[2026-08-27 16:31:53,638] [lib.aruco_lib] [INFO] Detected ArUCO [102] with offset (-0.28730899320324044, 0.49977867999128256, 1.884089301392993).
[2026-08-27 16:31:53,638] [lib.aruco_lib] [INFO] Landing ArUco (102) detected at camera offset: [-0.28730899  0.49977868  1.8840893 ]
[2026-08-27 16:31:53,639] [lib.aruco_lib] [INFO] Calculated Landing Pad NED: N=1.47, E=1.60
[2026-08-27 16:31:53,742] [lib.aruco_lib] [INFO] Detected ArUCO [102] with offset (-0.3486128067696875, 0.5005350897817894, 1.8438332835972027).
[2026-08-27 16:31:53,742] [lib.aruco_lib] [INFO] Landing ArUco (102) detected at camera offset: [-0.34861281  0.50053509  1.84383328]
[2026-08-27 16:31:53,742] [lib.aruco_lib] [INFO] Calculated Landing Pad NED: N=1.51, E=1.56
[2026-08-27 16:31:53,846] [lib.aruco_lib] [INFO] Detected ArUCO [102] with offset (-0.3538988603344558, 0.43772434919438696, 1.8172692464350735).
[2026-08-27 16:31:53,846] [lib.aruco_lib] [INFO] Landing ArUco (102) detected at camera offset: [-0.35389886  0.43772435  1.81726925]
[2026-08-27 16:31:53,846] [lib.aruco_lib] [INFO] Calculated Landing Pad NED: N=1.56, E=1.61
[2026-08-27 16:31:53,944] [lib.aruco_lib] [INFO] Detected ArUCO [102] with offset (-0.291116039037118, 0.34258870589393386, 1.8239093234081147).
[2026-08-27 16:31:53,945] [lib.aruco_lib] [INFO] Landing ArUco (102) detected at camera offset: [-0.29111604  0.34258871  1.82390932]
[2026-08-27 16:31:53,945] [lib.aruco_lib] [INFO] Calculated Landing Pad NED: N=1.57, E=1.73
[2026-08-27 16:31:54,042] [lib.aruco_lib] [INFO] Detected ArUCO [102] with offset (-0.16464066162999794, 0.24052478828035168, 1.8557413920010613).
[2026-08-27 16:31:54,043] [lib.aruco_lib] [INFO] Landing ArUco (102) detected at camera offset: [-0.16464066  0.24052479  1.85574139]
[2026-08-27 16:31:54,043] [lib.aruco_lib] [INFO] Calculated Landing Pad NED: N=1.55, E=1.89
[2026-08-27 16:31:54,146] [lib.aruco_lib] [INFO] Detected ArUCO [102] with offset (0.020237470584403578, 0.1489345504743983, 1.8926483259795994).
[2026-08-27 16:31:54,146] [lib.aruco_lib] [INFO] Landing ArUco (102) detected at camera offset: [0.02023747 0.14893455 1.89264833]
[2026-08-27 16:31:54,146] [lib.aruco_lib] [INFO] Calculated Landing Pad NED: N=1.46, E=2.08
[2026-08-27 16:31:54,246] [lib.aruco_lib] [INFO] Detected ArUCO [102] with offset (0.2899128359857021, 0.09938451715831048, 2.143649620184581).
[2026-08-27 16:31:54,246] [lib.aruco_lib] [INFO] Landing ArUco (102) detected at camera offset: [0.28991284 0.09938452 2.14364962]
[2026-08-27 16:31:54,246] [lib.aruco_lib] [INFO] Calculated Landing Pad NED: N=1.29, E=2.30
[2026-08-27 16:31:54,346] [lib.aruco_lib] [INFO] Detected ArUCO [102] with offset (0.5832438547628613, 0.08541256256188316, 2.0060970594495413).
[2026-08-27 16:31:54,346] [lib.aruco_lib] [INFO] Landing ArUco (102) detected at camera offset: [0.58324385 0.08541256 2.00609706]
[2026-08-27 16:31:54,346] [lib.aruco_lib] [INFO] Calculated Landing Pad NED: N=1.07, E=2.50
[2026-08-27 16:31:54,446] [lib.aruco_lib] [INFO] Detected ArUCO [102] with offset (1.0681190881467721, 0.17233491080881325, 2.252410519312015).
[2026-08-27 16:31:54,446] [lib.aruco_lib] [INFO] Landing ArUco (102) detected at camera offset: [1.06811909 0.17233491 2.25241052]
[2026-08-27 16:31:54,446] [lib.aruco_lib] [INFO] Calculated Landing Pad NED: N=0.65, E=2.75
[2026-08-27 16:31:55,862] [lib.aruco_lib] [INFO] Reached search waypoint 0
[2026-08-27 16:31:57,836] [lib.aruco_lib] [INFO] Detected ArUCO [102] with offset (0.6374928771632211, 0.6076451979190556, 2.1978976524625002).
[2026-08-27 16:31:57,836] [lib.aruco_lib] [INFO] Landing ArUco (102) detected at camera offset: [0.63749288 0.6076452  2.19789765]
[2026-08-27 16:31:57,836] [lib.aruco_lib] [INFO] Calculated Landing Pad NED: N=1.35, E=1.93
[2026-08-27 16:31:58,091] [lib.aruco_lib] [INFO] Detected ArUCO [102] with offset (-0.01821648702792418, 0.5009105838215205, 1.9290850508685073).
[2026-08-27 16:31:58,091] [lib.aruco_lib] [INFO] Landing ArUco (102) detected at camera offset: [-0.01821649  0.50091058  1.92908505]
[2026-08-27 16:31:58,091] [lib.aruco_lib] [INFO] Calculated Landing Pad NED: N=1.48, E=1.77
[2026-08-27 16:31:58,094] [lib.aruco_lib] [INFO] Reached search waypoint 1
[2026-08-27 16:31:59,359] [lib.aruco_lib] [INFO] Detected ArUCO [102] with offset (0.5580990835260826, 0.02429897792568446, 1.812002492761351).
[2026-08-27 16:31:59,360] [lib.aruco_lib] [INFO] Landing ArUco (102) detected at camera offset: [0.55809908 0.02429898 1.81200249]
[2026-08-27 16:31:59,360] [lib.aruco_lib] [INFO] Calculated Landing Pad NED: N=1.18, E=2.41
[2026-08-27 16:31:59,617] [lib.aruco_lib] [INFO] Detected ArUCO [102] with offset (0.1702812858442007, -0.43811555681125186, 1.8932928285896604).
[2026-08-27 16:31:59,617] [lib.aruco_lib] [INFO] Landing ArUco (102) detected at camera offset: [ 0.17028129 -0.43811556  1.89329283]
[2026-08-27 16:31:59,617] [lib.aruco_lib] [INFO] Calculated Landing Pad NED: N=1.04, E=1.88
[2026-08-27 16:32:00,632] [lib.aruco_lib] [INFO] Reached search waypoint 2
[2026-08-27 16:41:10,560] [lib.drone_lib] [INFO] [MAV] Connecting to tcp:localhost:5762 ...
[2026-08-27 16:41:10,591] [lib.drone_lib] [INFO] [MAV] Heartbeat from system 1, component 0
[2026-08-27 16:41:10,592] [lib.drone_lib] [INFO] [MAV] Telemetry streams requested @ 4.0 Hz. Waiting for GLOBAL_POSITION_INT ...
[2026-08-27 16:41:10,843] [lib.drone_lib] [INFO] [MAV] Position streaming OK. Alt=0.0 m
[2026-08-27 16:41:42,145] [lib.drone_lib] [INFO] [MAV] Connecting to tcp:localhost:5762 ...
[2026-08-27 16:41:42,172] [lib.drone_lib] [INFO] [MAV] Heartbeat from system 1, component 0
[2026-08-27 16:41:42,172] [lib.drone_lib] [INFO] [MAV] Telemetry streams requested @ 4.0 Hz. Waiting for GLOBAL_POSITION_INT ...
[2026-08-27 16:41:42,173] [lib.drone_lib] [INFO] [MAV] Position streaming OK. Alt=0.0 m
[2026-08-27 16:41:42,472] [lib.aruco_lib] [INFO] ==========================================
[2026-08-27 16:41:42,472] [lib.aruco_lib] [INFO]        ERC DRONE MISSION BOOTLOADER       
[2026-08-27 16:41:42,472] [lib.aruco_lib] [INFO] ==========================================
[2026-08-27 16:41:42,473] [lib.status] [INFO] No checkpoint found. Initializing fresh state.
[2026-08-27 16:41:42,648] [lib.drone_lib] [INFO] Telemetry Status: Armed=False, Estimated Alt=0.20m
[2026-08-27 16:41:42,648] [lib.aruco_lib] [INFO] Drone is grounded. Normal startup sequence.
[2026-08-27 16:41:42,648] [lib.aruco_lib] [INFO] Ready for launch. Waiting for launch signal...
[2026-08-27 16:41:42,648] [lib.aruco_lib] [INFO] --- Starting Mission ---
[2026-08-27 16:41:42,648] [lib.drone_lib] [INFO] [MAV] Switching to GUIDED ...
[2026-08-27 16:41:43,649] [lib.drone_lib] [INFO] [MAV] Arming ...
[2026-08-27 16:41:44,176] [lib.drone_lib] [INFO] [MAV] Armed.
[2026-08-27 16:41:44,176] [lib.drone_lib] [INFO] [MAV] Taking off to 2.0 m ...
[2026-08-27 16:41:48,949] [lib.drone_lib] [INFO] [MAV] Reached 1.9 m.
[2026-08-27 16:41:53,972] [lib.aruco_lib] [INFO] Detected ArUCO [101] with offset (0.11839842491253762, 0.04803346504019377, 2.0053366991604062).
[2026-08-27 16:41:53,972] [lib.aruco_lib] [INFO] Home ArUco (101) detected at camera offset: [0.11839842 0.04803347 2.0053367 ]
[2026-08-27 16:41:53,972] [lib.aruco_lib] [INFO] Moving to first waypoint
[2026-08-27 16:41:54,051] [lib.aruco_lib] [INFO] Detected ArUCO [101] with offset (0.11893750889954274, 0.04810162941111631, 2.0037139755500046).
[2026-08-27 16:41:54,052] [lib.aruco_lib] [INFO] Home ArUco (101) detected at camera offset: [0.11893751 0.04810163 2.00371398]
[2026-08-27 16:41:54,147] [lib.aruco_lib] [INFO] Detected ArUCO [101] with offset (0.1135220156115328, 0.04191383030444643, 2.0036454650958797).
[2026-08-27 16:41:54,147] [lib.aruco_lib] [INFO] Home ArUco (101) detected at camera offset: [0.11352202 0.04191383 2.00364547]
[2026-08-27 16:41:54,248] [lib.aruco_lib] [INFO] Detected ArUCO [101] with offset (0.07637368895175031, 0.008423067718211158, 1.989380404865241).
[2026-08-27 16:41:54,249] [lib.aruco_lib] [INFO] Home ArUco (101) detected at camera offset: [0.07637369 0.00842307 1.9893804 ]
[2026-08-27 16:41:54,954] [lib.aruco_lib] [INFO] Detected ArUCO [101] with offset (0.009150367589921202, -0.056197124576072566, 1.9837151258618384).
[2026-08-27 16:41:54,954] [lib.aruco_lib] [INFO] Home ArUco (101) detected at camera offset: [ 0.00915037 -0.05619712  1.98371513]
[2026-08-27 16:41:54,988] [lib.aruco_lib] [INFO] Detected ArUCO [101] with offset (-0.07333256869736358, -0.14139430749689405, 1.9624042633963716).
[2026-08-27 16:41:54,988] [lib.aruco_lib] [INFO] Home ArUco (101) detected at camera offset: [-0.07333257 -0.14139431  1.96240426]
[2026-08-27 16:41:55,085] [lib.aruco_lib] [INFO] Detected ArUCO [101] with offset (-0.15192679360336883, -0.22767723249420516, 1.9238959163869587).
[2026-08-27 16:41:55,085] [lib.aruco_lib] [INFO] Home ArUco (101) detected at camera offset: [-0.15192679 -0.22767723  1.92389592]
[2026-08-27 16:41:55,189] [lib.aruco_lib] [INFO] Detected ArUCO [101] with offset (-0.2102455251562848, -0.2926189570586749, 1.878787793253751).
[2026-08-27 16:41:55,189] [lib.aruco_lib] [INFO] Home ArUco (101) detected at camera offset: [-0.21024553 -0.29261896  1.87878779]
[2026-08-27 16:41:55,290] [lib.aruco_lib] [INFO] Detected ArUCO [101] with offset (-0.21904336246526154, -0.30891197134303267, 1.8425667646454311).
[2026-08-27 16:41:55,291] [lib.aruco_lib] [INFO] Home ArUco (101) detected at camera offset: [-0.21904336 -0.30891197  1.84256676]
[2026-08-27 16:41:55,393] [lib.aruco_lib] [INFO] Detected ArUCO [101] with offset (-0.17613542359893045, -0.26671246243552615, 1.8329578051846505).
[2026-08-27 16:41:55,394] [lib.aruco_lib] [INFO] Home ArUco (101) detected at camera offset: [-0.17613542 -0.26671246  1.83295781]
[2026-08-27 16:41:55,491] [lib.aruco_lib] [INFO] Detected ArUCO [101] with offset (-0.085684050886944, -0.17258727051367118, 1.8440220165650572).
[2026-08-27 16:41:55,491] [lib.aruco_lib] [INFO] Home ArUco (101) detected at camera offset: [-0.08568405 -0.17258727  1.84402202]
[2026-08-27 16:41:55,594] [lib.aruco_lib] [INFO] Detected ArUCO [101] with offset (0.049086849087233334, -0.030105625859035496, 1.8722043941407358).
[2026-08-27 16:41:55,594] [lib.aruco_lib] [INFO] Home ArUco (101) detected at camera offset: [ 0.04908685 -0.03010563  1.87220439]
[2026-08-27 16:41:55,697] [lib.aruco_lib] [INFO] Detected ArUCO [101] with offset (0.24059936428995204, 0.16693995272447737, 1.941675353152438).
[2026-08-27 16:41:55,698] [lib.aruco_lib] [INFO] Home ArUco (101) detected at camera offset: [0.24059936 0.16693995 1.94167535]
[2026-08-27 16:41:55,795] [lib.aruco_lib] [INFO] Detected ArUCO [101] with offset (0.48374493599996454, 0.4175501103320927, 1.9765709380779928).
[2026-08-27 16:41:55,796] [lib.aruco_lib] [INFO] Home ArUco (101) detected at camera offset: [0.48374494 0.41755011 1.97657094]
[2026-08-27 16:41:55,898] [lib.aruco_lib] [INFO] Detected ArUCO [101] with offset (0.8505422336664782, 0.7852614565061355, 2.2020471586801307).
[2026-08-27 16:41:55,899] [lib.aruco_lib] [INFO] Home ArUco (101) detected at camera offset: [0.85054223 0.78526146 2.20204716]
[2026-08-27 16:41:57,221] [lib.aruco_lib] [INFO] Reached search waypoint 0
[2026-08-27 16:41:59,591] [lib.aruco_lib] [INFO] Detected ArUCO [102] with offset (0.44067609362541355, 0.5243701212276687, 1.965378729731165).
[2026-08-27 16:41:59,592] [lib.aruco_lib] [INFO] Landing ArUco (102) detected at camera offset: [0.44067609 0.52437012 1.96537873]
[2026-08-27 16:41:59,592] [lib.aruco_lib] [INFO] Calculated Landing Pad NED: N=1.48, E=2.00
[2026-08-27 16:42:03,128] [lib.aruco_lib] [WARNING] Could not retrieve local position!
[2026-08-27 16:42:03,271] [lib.aruco_lib] [INFO] Detected ArUCO [102] with offset (-0.3574715201346461, 0.5096671078171322, 1.8381534758044158).
[2026-08-27 16:42:03,272] [lib.aruco_lib] [INFO] Landing ArUco (102) detected at camera offset: [-0.35747152  0.50966711  1.83815348]
[2026-08-27 16:42:03,272] [lib.aruco_lib] [INFO] Calculated Landing Pad NED: N=1.46, E=1.82
[2026-08-27 16:42:03,276] [lib.aruco_lib] [INFO] Reached search waypoint 1
[2026-08-27 16:42:04,791] [lib.aruco_lib] [INFO] Detected ArUCO [102] with offset (0.14145442249355195, 0.6122923780980002, 1.7981105021098585).
[2026-08-27 16:42:04,792] [lib.aruco_lib] [INFO] Landing ArUco (102) detected at camera offset: [0.14145442 0.61229238 1.7981105 ]
[2026-08-27 16:42:04,792] [lib.aruco_lib] [INFO] Calculated Landing Pad NED: N=0.72, E=2.40
[2026-08-27 16:42:05,039] [lib.aruco_lib] [INFO] Detected ArUCO [102] with offset (0.002172030741046497, 0.16056315713921335, 1.8495724886952236).
[2026-08-27 16:42:05,040] [lib.aruco_lib] [INFO] Landing ArUco (102) detected at camera offset: [0.00217203 0.16056316 1.84957249]
[2026-08-27 16:42:05,040] [lib.aruco_lib] [INFO] Calculated Landing Pad NED: N=0.79, E=1.97
[2026-08-27 16:42:05,290] [lib.aruco_lib] [INFO] Detected ArUCO [102] with offset (-0.2113233008769843, -0.15489725525354137, 1.9313225967788519).
[2026-08-27 16:42:05,291] [lib.aruco_lib] [INFO] Landing ArUco (102) detected at camera offset: [-0.2113233  -0.15489726  1.9313226 ]
[2026-08-27 16:42:05,291] [lib.aruco_lib] [INFO] Calculated Landing Pad NED: N=0.61, E=1.49
[2026-08-27 16:42:07,326] [lib.aruco_lib] [INFO] Reached search waypoint 2
[2026-08-27 16:42:09,608] [lib.aruco_lib] [INFO] Reached search waypoint 3
[2026-08-27 16:42:09,864] [lib.aruco_lib] [INFO] Reached search waypoint 3
[2026-08-27 16:42:09,865] [lib.aruco_lib] [INFO] Centering over landing target: (1.01, 1.94)
[2026-08-27 16:42:12,884] [lib.aruco_lib] [WARNING] Target lost during alignment!
[2026-08-27 16:42:12,901] [lib.aruco_lib] [INFO] Centering over landing target: (1.01, 1.94)
[2026-08-27 16:42:15,920] [lib.aruco_lib] [INFO] Detected ArUCO [102] with offset (0.38788031567895487, -0.06373539253292805, 1.8391693493376808).
[2026-08-27 16:42:15,921] [lib.aruco_lib] [INFO] Aligning complete. Distance: 0.39308184841395577m
[2026-08-27 16:42:15,921] [lib.aruco_lib] [INFO] Approach finalised, landing...
[2026-08-27 16:42:15,923] [lib.drone_lib] [INFO] [MAV] Switching to LAND mode – PLND active.
[2026-08-27 16:42:15,924] [lib.drone_lib] [INFO] Telemetry Status: Armed=False, Estimated Alt=2.01m
[2026-08-27 16:48:46,224] [lib.drone_lib] [INFO] [MAV] Connecting to tcp:localhost:5762 ...
[2026-08-27 16:48:46,251] [lib.drone_lib] [INFO] [MAV] Heartbeat from system 1, component 0
[2026-08-27 16:48:46,251] [lib.drone_lib] [INFO] [MAV] Telemetry streams requested @ 4.0 Hz. Waiting for GLOBAL_POSITION_INT ...
[2026-08-27 16:48:46,504] [lib.drone_lib] [INFO] [MAV] Position streaming OK. Alt=0.0 m
[2026-08-27 16:48:47,452] [lib.aruco_lib] [INFO] ==========================================
[2026-08-27 16:48:47,452] [lib.aruco_lib] [INFO]        ERC DRONE MISSION BOOTLOADER       
[2026-08-27 16:48:47,452] [lib.aruco_lib] [INFO] ==========================================
[2026-08-27 16:48:47,452] [lib.status] [INFO] No checkpoint found. Initializing fresh state.
[2026-08-27 16:48:47,453] [lib.drone_lib] [INFO] Telemetry Status: Armed=False, Estimated Alt=0.20m
[2026-08-27 16:48:47,453] [lib.aruco_lib] [INFO] Drone is grounded. Normal startup sequence.
[2026-08-27 16:48:47,453] [lib.aruco_lib] [INFO] Ready for launch. Waiting for launch signal...
[2026-08-27 16:48:47,453] [lib.aruco_lib] [INFO] --- Starting Mission ---
[2026-08-27 16:48:47,453] [lib.drone_lib] [INFO] [MAV] Switching to GUIDED ...
[2026-08-27 16:48:48,454] [lib.drone_lib] [INFO] [MAV] Arming ...
[2026-08-27 16:49:08,547] [lib.drone_lib] [INFO] [MAV] Connecting to tcp:localhost:5762 ...
[2026-08-27 16:49:08,586] [lib.drone_lib] [INFO] [MAV] Heartbeat from system 1, component 0
[2026-08-27 16:49:08,586] [lib.drone_lib] [INFO] [MAV] Telemetry streams requested @ 4.0 Hz. Waiting for GLOBAL_POSITION_INT ...
[2026-08-27 16:49:08,587] [lib.drone_lib] [INFO] [MAV] Position streaming OK. Alt=0.0 m
[2026-08-27 16:49:08,699] [lib.aruco_lib] [INFO] ==========================================
[2026-08-27 16:49:08,699] [lib.aruco_lib] [INFO]        ERC DRONE MISSION BOOTLOADER       
[2026-08-27 16:49:08,700] [lib.aruco_lib] [INFO] ==========================================
[2026-08-27 16:49:08,700] [lib.status] [INFO] No checkpoint found. Initializing fresh state.
[2026-08-27 16:49:09,303] [lib.drone_lib] [INFO] Telemetry Status: Armed=False, Estimated Alt=0.20m
[2026-08-27 16:49:09,303] [lib.aruco_lib] [INFO] Drone is grounded. Normal startup sequence.
[2026-08-27 16:49:09,303] [lib.aruco_lib] [INFO] Ready for launch. Waiting for launch signal...
[2026-08-27 16:49:09,303] [lib.aruco_lib] [INFO] --- Starting Mission ---
[2026-08-27 16:49:09,303] [lib.drone_lib] [INFO] [MAV] Switching to GUIDED ...
[2026-08-27 16:49:10,305] [lib.drone_lib] [INFO] [MAV] Arming ...
[2026-08-27 16:49:10,604] [lib.drone_lib] [INFO] [MAV] Armed.
[2026-08-27 16:49:10,604] [lib.drone_lib] [INFO] [MAV] Taking off to 2.0 m ...
[2026-08-27 16:49:15,627] [lib.drone_lib] [INFO] [MAV] Reached 1.9 m.
[2026-08-27 16:49:20,653] [lib.aruco_lib] [INFO] Detected ArUCO [101] with offset (0.11843070808769053, 0.044940746549496834, 2.008978854367431).
[2026-08-27 16:49:20,653] [lib.aruco_lib] [INFO] Home ArUco (101) detected at camera offset: [0.11843071 0.04494075 2.00897885]
[2026-08-27 16:49:20,653] [lib.aruco_lib] [INFO] Moving to first waypoint
[2026-08-27 16:49:20,701] [lib.aruco_lib] [INFO] Detected ArUCO [101] with offset (0.11839862323909753, 0.0449326158780706, 2.005337862234731).
[2026-08-27 16:49:20,701] [lib.aruco_lib] [INFO] Home ArUco (101) detected at camera offset: [0.11839862 0.04493262 2.00533786]
[2026-08-27 16:49:20,800] [lib.aruco_lib] [INFO] Detected ArUCO [101] with offset (0.11584235700804699, 0.04346073560021352, 2.003663187007157).
[2026-08-27 16:49:20,800] [lib.aruco_lib] [INFO] Home ArUco (101) detected at camera offset: [0.11584236 0.04346074 2.00366319]
[2026-08-27 16:49:20,894] [lib.aruco_lib] [INFO] Detected ArUCO [101] with offset (0.08741589684171064, 0.020445779538748574, 1.9970270519156468).
[2026-08-27 16:49:20,895] [lib.aruco_lib] [INFO] Home ArUco (101) detected at camera offset: [0.0874159  0.02044578 1.99702705]
[2026-08-27 16:49:21,002] [lib.aruco_lib] [INFO] Detected ArUCO [101] with offset (0.028771976797249094, -0.03761544876907792, 1.9902134101350433).
[2026-08-27 16:49:21,002] [lib.aruco_lib] [INFO] Home ArUco (101) detected at camera offset: [ 0.02877198 -0.03761545  1.99021341]
[2026-08-27 16:49:21,715] [lib.aruco_lib] [INFO] Detected ArUCO [101] with offset (-0.051756113192229156, -0.1206254084712431, 1.9749856172872449).
[2026-08-27 16:49:21,716] [lib.aruco_lib] [INFO] Home ArUco (101) detected at camera offset: [-0.05175611 -0.12062541  1.97498562]
[2026-08-27 16:49:21,754] [lib.aruco_lib] [INFO] Detected ArUCO [101] with offset (-0.13542964065532465, -0.20966691583158598, 1.9424210721480306).
[2026-08-27 16:49:21,755] [lib.aruco_lib] [INFO] Home ArUco (101) detected at camera offset: [-0.13542964 -0.20966692  1.94242107]
[2026-08-27 16:49:21,846] [lib.aruco_lib] [INFO] Detected ArUCO [101] with offset (-0.20276658733965605, -0.2848111483694575, 1.8992672472615315).
[2026-08-27 16:49:21,846] [lib.aruco_lib] [INFO] Home ArUco (101) detected at camera offset: [-0.20276659 -0.28481115  1.89926725]
[2026-08-27 16:49:21,948] [lib.aruco_lib] [INFO] Detected ArUCO [101] with offset (-0.2271535129670427, -0.3130879207615661, 1.855147320405613).
[2026-08-27 16:49:21,948] [lib.aruco_lib] [INFO] Home ArUco (101) detected at camera offset: [-0.22715351 -0.31308792  1.85514732]
[2026-08-27 16:49:22,051] [lib.aruco_lib] [INFO] Detected ArUCO [101] with offset (-0.19761181592046445, -0.28603868266200483, 1.8344412457139971).
[2026-08-27 16:49:22,051] [lib.aruco_lib] [INFO] Home ArUco (101) detected at camera offset: [-0.19761182 -0.28603868  1.83444125]
[2026-08-27 16:49:22,151] [lib.aruco_lib] [INFO] Detected ArUCO [101] with offset (-0.11995107242804502, -0.20565358327405192, 1.8413752121147673).
[2026-08-27 16:49:22,151] [lib.aruco_lib] [INFO] Home ArUco (101) detected at camera offset: [-0.11995107 -0.20565358  1.84137521]
[2026-08-27 16:49:22,251] [lib.aruco_lib] [INFO] Detected ArUCO [101] with offset (0.007267098513613268, -0.07340375802994874, 1.8823625159448245).
[2026-08-27 16:49:22,251] [lib.aruco_lib] [INFO] Home ArUco (101) detected at camera offset: [ 0.0072671  -0.07340376  1.88236252]
[2026-08-27 16:49:22,352] [lib.aruco_lib] [INFO] Detected ArUCO [101] with offset (0.21780568376856466, 0.13482343846846687, 2.1237671404371845).
[2026-08-27 16:49:22,352] [lib.aruco_lib] [INFO] Home ArUco (101) detected at camera offset: [0.21780568 0.13482344 2.12376714]
[2026-08-27 16:49:22,450] [lib.aruco_lib] [INFO] Detected ArUCO [101] with offset (0.48571665316101315, 0.41084953411719694, 2.1694658087719323).
[2026-08-27 16:49:22,450] [lib.aruco_lib] [INFO] Home ArUco (101) detected at camera offset: [0.48571665 0.41084953 2.16946581]
[2026-08-27 16:49:22,549] [lib.aruco_lib] [INFO] Detected ArUCO [101] with offset (0.7230210051675513, 0.6637028703004101, 1.9857448311379817).
[2026-08-27 16:49:22,550] [lib.aruco_lib] [INFO] Home ArUco (101) detected at camera offset: [0.72302101 0.66370287 1.98574483]
[2026-08-27 16:49:23,883] [lib.aruco_lib] [INFO] Reached search waypoint 0
[2026-08-27 16:49:26,024] [lib.aruco_lib] [INFO] Detected ArUCO [102] with offset (0.9728318730485043, 0.4849814447137548, 1.9802762220183745).
[2026-08-27 16:49:26,024] [lib.aruco_lib] [INFO] Landing ArUco (102) detected at camera offset: [0.97283187 0.48498144 1.98027622]
[2026-08-27 16:49:26,024] [lib.aruco_lib] [INFO] Calculated Landing Pad NED: N=1.46, E=2.05
[2026-08-27 16:49:26,276] [lib.aruco_lib] [INFO] Detected ArUCO [102] with offset (0.14714542866586403, 0.5079647512413201, 1.9427917548222144).
[2026-08-27 16:49:26,277] [lib.aruco_lib] [INFO] Landing ArUco (102) detected at camera offset: [0.14714543 0.50796475 1.94279175]
[2026-08-27 16:49:26,277] [lib.aruco_lib] [INFO] Calculated Landing Pad NED: N=1.46, E=1.89
[2026-08-27 16:49:26,529] [lib.aruco_lib] [INFO] Detected ArUCO [102] with offset (-0.7158699208845267, 0.5312967024287735, 1.7368951927756477).
[2026-08-27 16:49:26,529] [lib.aruco_lib] [INFO] Landing ArUco (102) detected at camera offset: [-0.71586992  0.5312967   1.73689519]
[2026-08-27 16:49:26,529] [lib.aruco_lib] [INFO] Calculated Landing Pad NED: N=1.45, E=1.49
[2026-08-27 16:49:27,044] [lib.aruco_lib] [INFO] Detected ArUCO [102] with offset (-0.8086701162674433, 0.5621073531266482, 1.7246719055339619).
[2026-08-27 16:49:27,044] [lib.aruco_lib] [INFO] Landing ArUco (102) detected at camera offset: [-0.80867012  0.56210735  1.72467191]
[2026-08-27 16:49:27,045] [lib.aruco_lib] [INFO] Calculated Landing Pad NED: N=1.45, E=1.66
[2026-08-27 16:49:27,303] [lib.aruco_lib] [INFO] Detected ArUCO [102] with offset (-0.5480326982509997, 0.5691635435575201, 1.8153414069503653).
[2026-08-27 16:49:27,303] [lib.aruco_lib] [INFO] Landing ArUco (102) detected at camera offset: [-0.5480327   0.56916354  1.81534141]
[2026-08-27 16:49:27,303] [lib.aruco_lib] [INFO] Calculated Landing Pad NED: N=1.45, E=1.83
[2026-08-27 16:49:27,547] [lib.aruco_lib] [INFO] Detected ArUCO [102] with offset (-0.12286018188149525, 0.5672654141997053, 1.8657088015705605).
[2026-08-27 16:49:27,548] [lib.aruco_lib] [INFO] Landing ArUco (102) detected at camera offset: [-0.12286018  0.56726541  1.8657088 ]
[2026-08-27 16:49:27,548] [lib.aruco_lib] [INFO] Calculated Landing Pad NED: N=1.45, E=2.14
[2026-08-27 16:49:27,809] [lib.aruco_lib] [INFO] Detected ArUCO [102] with offset (0.06465469258059742, 0.5506728256031749, 1.8678582650368916).
[2026-08-27 16:49:27,809] [lib.aruco_lib] [INFO] Landing ArUco (102) detected at camera offset: [0.06465469 0.55067283 1.86785827]
[2026-08-27 16:49:27,809] [lib.aruco_lib] [INFO] Calculated Landing Pad NED: N=1.46, E=2.23
[2026-08-27 16:49:28,054] [lib.aruco_lib] [INFO] Detected ArUCO [102] with offset (0.1578507378577203, 0.5340511481061214, 1.86669572994757).
[2026-08-27 16:49:28,055] [lib.aruco_lib] [INFO] Landing ArUco (102) detected at camera offset: [0.15785074 0.53405115 1.86669573]
[2026-08-27 16:49:28,055] [lib.aruco_lib] [INFO] Calculated Landing Pad NED: N=1.47, E=2.25
[2026-08-27 16:49:28,058] [lib.aruco_lib] [INFO] Reached search waypoint 1
[2026-08-27 16:49:28,311] [lib.aruco_lib] [INFO] Detected ArUCO [102] with offset (0.15765181726481167, 0.5327258369312479, 1.8604289976800503).
[2026-08-27 16:49:28,311] [lib.aruco_lib] [INFO] Landing ArUco (102) detected at camera offset: [0.15765182 0.53272584 1.860429  ]
[2026-08-27 16:49:28,311] [lib.aruco_lib] [INFO] Calculated Landing Pad NED: N=1.45, E=2.25
[2026-08-27 16:49:28,563] [lib.aruco_lib] [INFO] Detected ArUCO [102] with offset (0.16492675062343243, 0.7242194965798121, 1.8144362285062254).
[2026-08-27 16:49:28,564] [lib.aruco_lib] [INFO] Landing ArUco (102) detected at camera offset: [0.16492675 0.7242195  1.81443623]
[2026-08-27 16:49:28,564] [lib.aruco_lib] [INFO] Calculated Landing Pad NED: N=1.22, E=2.29
[2026-08-27 16:49:29,323] [lib.aruco_lib] [INFO] Detected ArUCO [102] with offset (-0.02081176711995659, 0.570083168022645, 1.81168129198553).
[2026-08-27 16:49:29,324] [lib.aruco_lib] [INFO] Landing ArUco (102) detected at camera offset: [-0.02081177  0.57008317  1.81168129]
[2026-08-27 16:49:29,324] [lib.aruco_lib] [INFO] Calculated Landing Pad NED: N=0.44, E=2.25
[2026-08-27 16:49:29,576] [lib.aruco_lib] [INFO] Detected ArUCO [102] with offset (-0.6108819568248172, -0.1303316994216837, 2.1665256815596696).
[2026-08-27 16:49:29,576] [lib.aruco_lib] [INFO] Landing ArUco (102) detected at camera offset: [-0.61088196 -0.1303317   2.16652568]
[2026-08-27 16:49:29,577] [lib.aruco_lib] [INFO] Calculated Landing Pad NED: N=0.46, E=1.66
[2026-08-27 16:49:31,359] [lib.aruco_lib] [INFO] Reached search waypoint 2
[2026-08-27 16:49:33,907] [lib.aruco_lib] [INFO] Reached search waypoint 3
[2026-08-27 16:49:34,155] [lib.aruco_lib] [INFO] Centering over landing target: (1.27, 2.00)
[2026-08-27 16:49:37,174] [lib.aruco_lib] [WARNING] Target lost during alignment!
[2026-08-27 16:49:37,184] [lib.aruco_lib] [INFO] Centering over landing target: (1.27, 2.00)
[2026-08-27 16:49:43,149] [lib.aruco_lib] [INFO] Detected ArUCO [102] with offset (0.26734993174877636, -0.10192997135483195, 1.8219503480295787).
[2026-08-27 16:49:43,150] [lib.aruco_lib] [INFO] Aligning complete. Distance: 0.28612183605323144m
[2026-08-27 16:49:43,150] [lib.aruco_lib] [INFO] Approach finalised, landing...
[2026-08-27 16:49:43,154] [lib.drone_lib] [INFO] [MAV] Switching to LAND mode – PLND active.
[2026-08-27 16:49:43,154] [lib.drone_lib] [INFO] Telemetry Status: Armed=True, Estimated Alt=2.01m
[2026-08-27 16:49:44,156] [lib.drone_lib] [INFO] Telemetry Status: Armed=False, Estimated Alt=1.99m
[2026-08-27 16:51:34,698] [lib.drone_lib] [INFO] [MAV] Connecting to tcp:localhost:5762 ...
[2026-08-27 16:51:34,722] [lib.drone_lib] [INFO] [MAV] Heartbeat from system 1, component 0
[2026-08-27 16:51:34,722] [lib.drone_lib] [INFO] [MAV] Telemetry streams requested @ 4.0 Hz. Waiting for GLOBAL_POSITION_INT ...
[2026-08-27 16:51:34,974] [lib.drone_lib] [INFO] [MAV] Position streaming OK. Alt=0.0 m
[2026-08-27 16:51:35,419] [lib.aruco_lib] [INFO] ==========================================
[2026-08-27 16:51:35,419] [lib.aruco_lib] [INFO]        ERC DRONE MISSION BOOTLOADER       
[2026-08-27 16:51:35,419] [lib.aruco_lib] [INFO] ==========================================
[2026-08-27 16:51:35,420] [lib.status] [INFO] Checkpoint loaded: Phase=LANDING, SearchWP=3
[2026-08-27 16:51:35,420] [lib.drone_lib] [INFO] Telemetry Status: Armed=False, Estimated Alt=0.20m
[2026-08-27 16:51:35,420] [lib.aruco_lib] [INFO] Drone is grounded. Normal startup sequence.
[2026-08-27 16:51:35,420] [lib.drone_lib] [INFO] [MAV] Switching to LAND mode – PLND active.
[2026-08-27 16:51:35,478] [lib.drone_lib] [INFO] Telemetry Status: Armed=False, Estimated Alt=0.20m
[2026-08-27 16:51:47,468] [lib.drone_lib] [INFO] [MAV] Connecting to tcp:localhost:5762 ...
[2026-08-27 16:51:47,507] [lib.drone_lib] [INFO] [MAV] Heartbeat from system 1, component 0
[2026-08-27 16:51:47,507] [lib.drone_lib] [INFO] [MAV] Telemetry streams requested @ 4.0 Hz. Waiting for GLOBAL_POSITION_INT ...
[2026-08-27 16:51:47,508] [lib.drone_lib] [INFO] [MAV] Position streaming OK. Alt=0.0 m
[2026-08-27 16:51:48,538] [lib.aruco_lib] [INFO] ==========================================
[2026-08-27 16:51:48,539] [lib.aruco_lib] [INFO]        ERC DRONE MISSION BOOTLOADER       
[2026-08-27 16:51:48,539] [lib.aruco_lib] [INFO] ==========================================
[2026-08-27 16:51:48,539] [lib.status] [INFO] No checkpoint found. Initializing fresh state.
[2026-08-27 16:51:48,540] [lib.drone_lib] [INFO] Telemetry Status: Armed=False, Estimated Alt=0.20m
[2026-08-27 16:51:48,540] [lib.aruco_lib] [INFO] Drone is grounded. Normal startup sequence.
[2026-08-27 16:51:48,540] [lib.aruco_lib] [INFO] Ready for launch. Waiting for launch signal...
[2026-08-27 16:51:48,540] [lib.aruco_lib] [INFO] --- Starting Mission ---
[2026-08-27 16:51:48,540] [lib.drone_lib] [INFO] [MAV] Switching to GUIDED ...
[2026-08-27 16:51:49,541] [lib.drone_lib] [INFO] [MAV] Arming ...
[2026-08-27 16:51:50,548] [lib.drone_lib] [INFO] [MAV] Armed.
[2026-08-27 16:51:50,548] [lib.drone_lib] [INFO] [MAV] Taking off to 2.0 m ...
[2026-08-27 16:51:55,084] [lib.drone_lib] [INFO] [MAV] Reached 2.0 m.
[2026-08-27 16:52:03,220] [lib.aruco_lib] [INFO] Detected ArUCO [101] with offset (0.11816476501484659, 0.04810168250040533, 2.00371997156651).
[2026-08-27 16:52:03,220] [lib.aruco_lib] [INFO] Home ArUco (101) detected at camera offset: [0.11816477 0.04810168 2.00371997]
[2026-08-27 16:52:03,220] [lib.aruco_lib] [INFO] Moving to first waypoint
[2026-08-27 16:52:03,288] [lib.aruco_lib] [INFO] Detected ArUCO [101] with offset (0.11816476501484659, 0.04810168250040533, 2.00371997156651).
[2026-08-27 16:52:03,289] [lib.aruco_lib] [INFO] Home ArUco (101) detected at camera offset: [0.11816477 0.04810168 2.00371997]
[2026-08-27 16:52:03,395] [lib.aruco_lib] [INFO] Detected ArUCO [101] with offset (0.11374426020520659, 0.04338174576461497, 2.0052496351667912).
[2026-08-27 16:52:03,396] [lib.aruco_lib] [INFO] Home ArUco (101) detected at camera offset: [0.11374426 0.04338175 2.00524964]
[2026-08-27 16:52:03,495] [lib.aruco_lib] [INFO] Detected ArUCO [101] with offset (0.08115708591491044, 0.01391564447683513, 2.0048216066854434).
[2026-08-27 16:52:03,495] [lib.aruco_lib] [INFO] Home ArUco (101) detected at camera offset: [0.08115709 0.01391564 2.00482161]
[2026-08-27 16:52:04,245] [lib.aruco_lib] [INFO] Detected ArUCO [101] with offset (0.016805899734426363, -0.047020664396542775, 1.983130388319191).
[2026-08-27 16:52:04,245] [lib.aruco_lib] [INFO] Home ArUco (101) detected at camera offset: [ 0.0168059  -0.04702066  1.98313039]
[2026-08-27 16:52:04,287] [lib.aruco_lib] [INFO] Detected ArUCO [101] with offset (-0.06501503224987412, -0.13070755222128982, 1.9605025389498698).
[2026-08-27 16:52:04,287] [lib.aruco_lib] [INFO] Home ArUco (101) detected at camera offset: [-0.06501503 -0.13070755  1.96050254]
[2026-08-27 16:52:04,378] [lib.aruco_lib] [INFO] Detected ArUCO [101] with offset (-0.14713737792402973, -0.21930249782226954, 1.9290697607493918).
[2026-08-27 16:52:04,378] [lib.aruco_lib] [INFO] Home ArUco (101) detected at camera offset: [-0.14713738 -0.2193025   1.92906976]
[2026-08-27 16:52:04,475] [lib.aruco_lib] [INFO] Detected ArUCO [101] with offset (-0.20881625965550132, -0.2883264990557134, 1.8785553436563291).
[2026-08-27 16:52:04,476] [lib.aruco_lib] [INFO] Home ArUco (101) detected at camera offset: [-0.20881626 -0.2883265   1.87855534]
[2026-08-27 16:52:04,582] [lib.aruco_lib] [INFO] Detected ArUCO [101] with offset (-0.22802857891991257, -0.31369172918987714, 1.8361510059206985).
[2026-08-27 16:52:04,583] [lib.aruco_lib] [INFO] Home ArUco (101) detected at camera offset: [-0.22802858 -0.31369173  1.83615101]
[2026-08-27 16:52:04,679] [lib.aruco_lib] [INFO] Detected ArUCO [101] with offset (-0.1915933634506129, -0.27924704397568745, 1.8086975685966475).
[2026-08-27 16:52:04,680] [lib.aruco_lib] [INFO] Home ArUco (101) detected at camera offset: [-0.19159336 -0.27924704  1.80869757]
[2026-08-27 16:52:04,788] [lib.aruco_lib] [INFO] Detected ArUCO [101] with offset (-0.10863237624580399, -0.19436659937869052, 1.8022759810580276).
[2026-08-27 16:52:04,788] [lib.aruco_lib] [INFO] Home ArUco (101) detected at camera offset: [-0.10863238 -0.1943666   1.80227598]
[2026-08-27 16:52:04,881] [lib.aruco_lib] [INFO] Detected ArUCO [101] with offset (0.01615722941277898, -0.0638033370724904, 1.8340285775712937).
[2026-08-27 16:52:04,881] [lib.aruco_lib] [INFO] Home ArUco (101) detected at camera offset: [ 0.01615723 -0.06380334  1.83402858]
[2026-08-27 16:52:05,004] [lib.aruco_lib] [INFO] Detected ArUCO [101] with offset (0.17782481964980965, 0.10546645940621509, 1.8751727554791744).
[2026-08-27 16:52:05,004] [lib.aruco_lib] [INFO] Home ArUco (101) detected at camera offset: [0.17782482 0.10546646 1.87517276]
[2026-08-27 16:52:05,096] [lib.aruco_lib] [INFO] Detected ArUCO [101] with offset (0.3630481991165727, 0.29915837751041835, 1.9144996516208745).
[2026-08-27 16:52:05,097] [lib.aruco_lib] [INFO] Home ArUco (101) detected at camera offset: [0.3630482  0.29915838 1.91449965]
[2026-08-27 16:52:05,198] [lib.aruco_lib] [INFO] Detected ArUCO [101] with offset (0.6267452971147597, 0.5644403121252674, 2.182147790852555).
[2026-08-27 16:52:05,198] [lib.aruco_lib] [INFO] Home ArUco (101) detected at camera offset: [0.6267453  0.56444031 2.18214779]
[2026-08-27 16:52:05,321] [lib.aruco_lib] [INFO] Detected ArUCO [101] with offset (0.8737371958250605, 0.8141768481789762, 2.2398087076127586).
[2026-08-27 16:52:05,322] [lib.aruco_lib] [INFO] Home ArUco (101) detected at camera offset: [0.8737372  0.81417685 2.23980871]
[2026-08-27 16:52:06,408] [lib.aruco_lib] [INFO] Reached search waypoint 0
[2026-08-27 16:52:21,832] [lib.drone_lib] [INFO] [MAV] Connecting to tcp:localhost:5762 ...
[2026-08-27 16:52:21,900] [lib.drone_lib] [INFO] [MAV] Heartbeat from system 1, component 0
[2026-08-27 16:52:21,900] [lib.drone_lib] [INFO] [MAV] Telemetry streams requested @ 4.0 Hz. Waiting for GLOBAL_POSITION_INT ...
[2026-08-27 16:52:22,093] [lib.drone_lib] [INFO] [MAV] Position streaming OK. Alt=1.9 m
[2026-08-27 16:52:23,151] [lib.aruco_lib] [INFO] ==========================================
[2026-08-27 16:52:23,151] [lib.aruco_lib] [INFO]        ERC DRONE MISSION BOOTLOADER       
[2026-08-27 16:52:23,151] [lib.aruco_lib] [INFO] ==========================================
[2026-08-27 16:52:23,151] [lib.status] [INFO] Checkpoint loaded: Phase=SEARCHING, SearchWP=1
[2026-08-27 16:52:23,152] [lib.drone_lib] [INFO] Telemetry Status: Armed=False, Estimated Alt=2.12m
[2026-08-27 16:52:23,152] [lib.aruco_lib] [INFO] Drone is grounded. Normal startup sequence.
[2026-08-31 13:48:06,510] [lib.drone_lib] [INFO] [MAV] Connecting to /dev/ttyAMA0 ...
[2026-08-31 13:49:03,246] [lib.drone_lib] [INFO] [MAV] Connecting to localhost:5762 ...
[2026-08-31 13:54:54,810] [lib.drone_lib] [INFO] [MAV] Connecting to tcp:localhost:5762 ...
[2026-08-31 13:58:44,700] [lib.drone_lib] [INFO] [MAV] Connecting to tcp:localhost:5762 ...
[2026-08-31 13:58:44,724] [lib.drone_lib] [INFO] [MAV] Heartbeat from system 1, component 0
[2026-08-31 13:58:44,725] [lib.drone_lib] [INFO] [MAV] Telemetry streams requested @ 4.0 Hz. Waiting for GLOBAL_POSITION_INT ...
[2026-08-31 13:58:44,990] [lib.drone_lib] [INFO] [MAV] Position streaming OK. Alt=0.0 m
[2026-08-31 13:59:53,736] [lib.drone_lib] [INFO] [MAV] Connecting to /dev/ttyAMA0 ...
[2026-08-31 14:00:28,941] [lib.drone_lib] [INFO] [MAV] Connecting to tcp:localhost:5762 ...
[2026-08-31 14:00:28,963] [lib.drone_lib] [INFO] [MAV] Heartbeat from system 1, component 0
[2026-08-31 14:00:28,963] [lib.drone_lib] [INFO] [MAV] Telemetry streams requested @ 4.0 Hz. Waiting for GLOBAL_POSITION_INT ...
[2026-08-31 14:00:28,964] [lib.drone_lib] [INFO] [MAV] Position streaming OK. Alt=0.0 m
[2026-08-31 14:03:07,587] [lib.drone_lib] [INFO] [MAV] Connecting to tcp:localhost:5762 ...
[2026-08-31 14:03:07,622] [lib.drone_lib] [INFO] [MAV] Heartbeat from system 1, component 0
[2026-08-31 14:03:07,622] [lib.drone_lib] [INFO] [MAV] Telemetry streams requested @ 4.0 Hz. Waiting for GLOBAL_POSITION_INT ...
[2026-08-31 14:03:07,623] [lib.drone_lib] [INFO] [MAV] Position streaming OK. Alt=0.0 m
[2026-08-31 14:03:37,747] [lib.aruco_lib] [INFO] ==========================================
[2026-08-31 14:03:37,747] [lib.aruco_lib] [INFO]        ERC DRONE MISSION BOOTLOADER       
[2026-08-31 14:03:37,747] [lib.aruco_lib] [INFO] ==========================================
[2026-08-31 14:03:37,747] [lib.status] [INFO] No checkpoint found. Initializing fresh state.
[2026-08-31 14:03:37,748] [lib.drone_lib] [INFO] Telemetry Status: Armed=False, Estimated Alt=0.19m
[2026-08-31 14:03:37,748] [lib.aruco_lib] [INFO] Drone is grounded. Normal startup sequence.
[2026-08-31 14:03:37,748] [lib.aruco_lib] [INFO] Ready for launch. Waiting for launch signal...
[2026-08-31 14:03:37,748] [lib.aruco_lib] [INFO] --- Starting Mission ---
[2026-08-31 14:03:37,748] [lib.drone_lib] [INFO] [MAV] Switching to GUIDED ...
[2026-08-31 14:03:38,750] [lib.drone_lib] [INFO] [MAV] Arming ...
[2026-08-31 14:03:38,877] [lib.drone_lib] [INFO] [MAV] Armed.
[2026-08-31 14:03:38,878] [lib.drone_lib] [INFO] [MAV] Taking off to 2.0 m ...
[2026-08-31 14:03:44,765] [lib.drone_lib] [INFO] [MAV] Reached 1.9 m.
[2026-08-31 14:04:54,778] [lib.aruco_lib] [WARNING] Capture read returned error
[2026-08-31 14:07:11,463] [lib.drone_lib] [INFO] [MAV] Connecting to tcp:localhost:5762 ...
[2026-08-31 14:07:11,697] [lib.drone_lib] [INFO] [MAV] Heartbeat from system 0, component 0
[2026-08-31 14:07:11,697] [lib.drone_lib] [INFO] [MAV] Telemetry streams requested @ 4.0 Hz. Waiting for GLOBAL_POSITION_INT ...
[2026-08-31 14:07:11,754] [lib.drone_lib] [INFO] [MAV] Position streaming OK. Alt=2.0 m
[2026-08-31 14:07:12,239] [lib.aruco_lib] [INFO] ==========================================
[2026-08-31 14:07:12,239] [lib.aruco_lib] [INFO]        ERC DRONE MISSION BOOTLOADER       
[2026-08-31 14:07:12,239] [lib.aruco_lib] [INFO] ==========================================
[2026-08-31 14:07:12,239] [lib.status] [INFO] Checkpoint loaded: Phase=SEARCHING, SearchWP=-1
[2026-08-31 14:07:12,819] [lib.drone_lib] [INFO] Telemetry Status: Armed=False, Estimated Alt=2.19m
[2026-08-31 14:07:12,819] [lib.aruco_lib] [INFO] Drone is grounded. Normal startup sequence.
[2026-08-31 14:07:13,092] [lib.aruco_lib] [INFO] Detected ArUCO 101 with offset (np.float64(0.10434746555433684), np.float64(0.04817121339359327), np.float64(1.9929945038870438)).
[2026-08-31 14:07:13,099] [lib.aruco_lib] [INFO] Home ArUco (101) detected at camera offset: [0.10434747 0.04817121 1.9929945 ]
[2026-08-31 14:07:13,099] [lib.aruco_lib] [INFO] Moving to first waypoint
[2026-08-31 14:07:13,372] [lib.aruco_lib] [INFO] Detected ArUCO 101 with offset (np.float64(0.1120510676416766), np.float64(0.03279957008883857), np.float64(1.9938652668861363)).
[2026-08-31 14:07:13,386] [lib.aruco_lib] [INFO] Home ArUco (101) detected at camera offset: [0.11205107 0.03279957 1.99386527]
[2026-08-31 14:07:13,742] [lib.aruco_lib] [INFO] Detected ArUCO 101 with offset (np.float64(-0.10623585101414147), np.float64(-0.17790373783383087), np.float64(1.955612007452572)).
[2026-08-31 14:07:13,749] [lib.aruco_lib] [INFO] Home ArUco (101) detected at camera offset: [-0.10623585 -0.17790374  1.95561201]
[2026-08-31 14:07:14,017] [lib.aruco_lib] [INFO] Detected ArUCO 101 with offset (np.float64(-0.2081707723874137), np.float64(-0.283812144020312), np.float64(1.89148191188923)).
[2026-08-31 14:07:14,034] [lib.aruco_lib] [INFO] Home ArUco (101) detected at camera offset: [-0.20817077 -0.28381214  1.89148191]
[2026-08-31 14:07:14,301] [lib.aruco_lib] [INFO] Detected ArUCO 101 with offset (np.float64(0.08991367789278501), np.float64(0.00660112114219822), np.float64(1.895161492502703)).
[2026-08-31 14:07:14,309] [lib.aruco_lib] [INFO] Home ArUco (101) detected at camera offset: [0.08991368 0.00660112 1.89516149]
[2026-08-31 14:07:14,576] [lib.aruco_lib] [INFO] Detected ArUCO 101 with offset (np.float64(0.4800927378041341), np.float64(0.432928876953691), np.float64(1.9323627493141697)).
[2026-08-31 14:07:14,593] [lib.aruco_lib] [INFO] Home ArUco (101) detected at camera offset: [0.48009274 0.43292888 1.93236275]
[2026-08-31 14:07:16,113] [lib.aruco_lib] [INFO] Reached search waypoint 0
[2026-08-31 14:07:54,919] [lib.aruco_lib] [INFO] Detected ArUCO 102 with offset (np.float64(1.1849630985547386), np.float64(0.6142130507987552), np.float64(2.0405104420252997)).
[2026-08-31 14:07:54,942] [lib.aruco_lib] [INFO] Landing ArUco (102) detected at camera offset: [1.1849631  0.61421305 2.04051044]
[2026-08-31 14:07:54,942] [lib.aruco_lib] [INFO] Calculated Landing Pad NED: N=1.41, E=2.21
[2026-08-31 14:07:55,842] [lib.aruco_lib] [INFO] Detected ArUCO 102 with offset (np.float64(1.1528135398846098), np.float64(0.6183273119987217), np.float64(2.0492971309340144)).
[2026-08-31 14:07:55,850] [lib.aruco_lib] [INFO] Landing ArUco (102) detected at camera offset: [1.15281354 0.61832731 2.04929713]
[2026-08-31 14:07:55,850] [lib.aruco_lib] [INFO] Calculated Landing Pad NED: N=1.41, E=2.22
[2026-08-31 14:07:56,150] [lib.aruco_lib] [INFO] Detected ArUCO 102 with offset (np.float64(1.015843618686897), np.float64(0.5639466486424288), np.float64(1.8803705836661415)).
[2026-08-31 14:07:56,158] [lib.aruco_lib] [INFO] Landing ArUco (102) detected at camera offset: [1.01584362 0.56394665 1.88037058]
[2026-08-31 14:07:56,159] [lib.aruco_lib] [INFO] Calculated Landing Pad NED: N=1.46, E=2.11
[2026-08-31 14:07:56,419] [lib.aruco_lib] [INFO] Detected ArUCO 102 with offset (np.float64(1.0057705246578321), np.float64(0.5634911093198882), np.float64(1.867563090910534)).
[2026-08-31 14:07:56,426] [lib.aruco_lib] [INFO] Landing ArUco (102) detected at camera offset: [1.00577052 0.56349111 1.86756309]
[2026-08-31 14:07:56,426] [lib.aruco_lib] [INFO] Calculated Landing Pad NED: N=1.46, E=2.13
[2026-08-31 14:07:56,683] [lib.aruco_lib] [INFO] Detected ArUCO 102 with offset (np.float64(0.9614958397872587), np.float64(0.5643581862383837), np.float64(1.8848357911776643)).
[2026-08-31 14:07:56,690] [lib.aruco_lib] [INFO] Landing ArUco (102) detected at camera offset: [0.96149584 0.56435819 1.88483579]
[2026-08-31 14:07:56,690] [lib.aruco_lib] [INFO] Calculated Landing Pad NED: N=1.46, E=2.10
[2026-08-31 14:07:57,189] [lib.aruco_lib] [INFO] Detected ArUCO 102 with offset (np.float64(1.0391553572584626), np.float64(0.6187099981165314), np.float64(2.0575007566049455)).
[2026-08-31 14:07:57,201] [lib.aruco_lib] [INFO] Landing ArUco (102) detected at camera offset: [1.03915536 0.61871    2.05750076]
[2026-08-31 14:07:57,201] [lib.aruco_lib] [INFO] Calculated Landing Pad NED: N=1.41, E=2.21
[2026-08-31 14:07:57,653] [lib.aruco_lib] [INFO] Detected ArUCO 102 with offset (np.float64(1.0002158162154582), np.float64(0.6138427929677291), np.float64(2.048679336129135)).
[2026-08-31 14:07:57,677] [lib.aruco_lib] [INFO] Landing ArUco (102) detected at camera offset: [1.00021582 0.61384279 2.04867934]
[2026-08-31 14:07:57,677] [lib.aruco_lib] [INFO] Calculated Landing Pad NED: N=1.41, E=2.20
[2026-08-31 14:07:58,002] [lib.aruco_lib] [INFO] Detected ArUCO 102 with offset (np.float64(0.9688785959334154), np.float64(0.6160822013222363), np.float64(2.059280893284697)).
[2026-08-31 14:07:58,009] [lib.aruco_lib] [INFO] Landing ArUco (102) detected at camera offset: [0.9688786  0.6160822  2.05928089]
[2026-08-31 14:07:58,009] [lib.aruco_lib] [INFO] Calculated Landing Pad NED: N=1.41, E=2.19
[2026-08-31 14:07:58,267] [lib.aruco_lib] [INFO] Detected ArUCO 102 with offset (np.float64(0.8786275922807548), np.float64(0.5594748235435617), np.float64(1.871199753999759)).
[2026-08-31 14:07:58,275] [lib.aruco_lib] [INFO] Landing ArUco (102) detected at camera offset: [0.87862759 0.55947482 1.87119975]
[2026-08-31 14:07:58,275] [lib.aruco_lib] [INFO] Calculated Landing Pad NED: N=1.47, E=2.12
[2026-08-31 14:07:58,609] [lib.aruco_lib] [INFO] Detected ArUCO 102 with offset (np.float64(0.8300425867621107), np.float64(0.5573904905509384), np.float64(1.874270083858359)).
[2026-08-31 14:07:58,615] [lib.aruco_lib] [INFO] Landing ArUco (102) detected at camera offset: [0.83004259 0.55739049 1.87427008]
[2026-08-31 14:07:58,615] [lib.aruco_lib] [INFO] Calculated Landing Pad NED: N=1.47, E=2.10
[2026-08-31 14:07:58,890] [lib.aruco_lib] [INFO] Detected ArUCO 102 with offset (np.float64(0.8353797410342727), np.float64(0.5571018952617786), np.float64(1.8697452538997315)).
[2026-08-31 14:07:58,908] [lib.aruco_lib] [INFO] Landing ArUco (102) detected at camera offset: [0.83537974 0.5571019  1.86974525]
[2026-08-31 14:07:58,908] [lib.aruco_lib] [INFO] Calculated Landing Pad NED: N=1.47, E=2.13
[2026-08-31 14:07:59,175] [lib.aruco_lib] [INFO] Detected ArUCO 102 with offset (np.float64(0.7854547389257779), np.float64(0.550840211174919), np.float64(1.858229160689079)).
[2026-08-31 14:07:59,181] [lib.aruco_lib] [INFO] Landing ArUco (102) detected at camera offset: [0.78545474 0.55084021 1.85822916]
[2026-08-31 14:07:59,181] [lib.aruco_lib] [INFO] Calculated Landing Pad NED: N=1.46, E=2.09
[2026-08-31 14:07:59,658] [lib.aruco_lib] [INFO] Detected ArUCO 102 with offset (np.float64(0.7784672965896374), np.float64(0.5489797266660639), np.float64(1.8694852117039837)).
[2026-08-31 14:07:59,668] [lib.aruco_lib] [INFO] Landing ArUco (102) detected at camera offset: [0.7784673  0.54897973 1.86948521]
[2026-08-31 14:07:59,668] [lib.aruco_lib] [INFO] Calculated Landing Pad NED: N=1.47, E=2.12
[2026-08-31 14:08:00,187] [lib.aruco_lib] [INFO] Detected ArUCO 102 with offset (np.float64(0.7517480396109881), np.float64(0.5488653478835019), np.float64(1.8677959694844268)).
[2026-08-31 14:08:00,196] [lib.aruco_lib] [INFO] Landing ArUco (102) detected at camera offset: [0.75174804 0.54886535 1.86779597]
[2026-08-31 14:08:00,196] [lib.aruco_lib] [INFO] Calculated Landing Pad NED: N=1.47, E=2.11
[2026-08-31 14:08:00,601] [lib.aruco_lib] [INFO] Detected ArUCO 102 with offset (np.float64(0.7850766742676133), np.float64(0.6044971908839294), np.float64(2.0562149431910774)).
[2026-08-31 14:08:00,611] [lib.aruco_lib] [INFO] Landing ArUco (102) detected at camera offset: [0.78507667 0.60449719 2.05621494]
[2026-08-31 14:08:00,611] [lib.aruco_lib] [INFO] Calculated Landing Pad NED: N=1.41, E=2.18
[2026-08-31 14:08:00,942] [lib.aruco_lib] [INFO] Detected ArUCO 102 with offset (np.float64(0.7079714523033427), np.float64(0.5526146004072067), np.float64(1.8748363446624412)).
[2026-08-31 14:08:00,952] [lib.aruco_lib] [INFO] Landing ArUco (102) detected at camera offset: [0.70797145 0.5526146  1.87483634]
[2026-08-31 14:08:00,952] [lib.aruco_lib] [INFO] Calculated Landing Pad NED: N=1.46, E=2.13
[2026-08-31 14:08:01,249] [lib.aruco_lib] [INFO] Detected ArUCO 102 with offset (np.float64(0.6621000885317808), np.float64(0.5531693197937707), np.float64(1.8772524859534567)).
[2026-08-31 14:08:01,255] [lib.aruco_lib] [INFO] Landing ArUco (102) detected at camera offset: [0.66210009 0.55316932 1.87725249]
[2026-08-31 14:08:01,255] [lib.aruco_lib] [INFO] Calculated Landing Pad NED: N=1.46, E=2.11
[2026-08-31 14:08:01,510] [lib.aruco_lib] [INFO] Detected ArUCO 102 with offset (np.float64(0.6410066994947886), np.float64(0.5515925712886373), np.float64(1.8702385622383344)).
[2026-08-31 14:08:01,515] [lib.aruco_lib] [INFO] Landing ArUco (102) detected at camera offset: [0.6410067  0.55159257 1.87023856]
[2026-08-31 14:08:01,515] [lib.aruco_lib] [INFO] Calculated Landing Pad NED: N=1.46, E=2.11
[2026-08-31 14:08:01,771] [lib.aruco_lib] [INFO] Detected ArUCO 102 with offset (np.float64(0.6181029467204817), np.float64(0.5480150979602989), np.float64(1.8572346566999625)).
[2026-08-31 14:08:01,776] [lib.aruco_lib] [INFO] Landing ArUco (102) detected at camera offset: [0.61810295 0.5480151  1.85723466]
[2026-08-31 14:08:01,776] [lib.aruco_lib] [INFO] Calculated Landing Pad NED: N=1.47, E=2.11
[2026-08-31 14:08:02,042] [lib.aruco_lib] [INFO] Detected ArUCO 102 with offset (np.float64(0.6089458580637463), np.float64(0.5515264715613305), np.float64(1.8701552185124266)).
[2026-08-31 14:08:02,050] [lib.aruco_lib] [INFO] Landing ArUco (102) detected at camera offset: [0.60894586 0.55152647 1.87015522]
[2026-08-31 14:08:02,050] [lib.aruco_lib] [INFO] Calculated Landing Pad NED: N=1.46, E=2.13
[2026-08-31 14:08:02,402] [lib.aruco_lib] [INFO] Detected ArUCO 102 with offset (np.float64(0.5793125697600464), np.float64(0.5462681415962304), np.float64(1.8490886638234378)).
[2026-08-31 14:08:02,411] [lib.aruco_lib] [INFO] Landing ArUco (102) detected at camera offset: [0.57931257 0.54626814 1.84908866]
[2026-08-31 14:08:02,412] [lib.aruco_lib] [INFO] Calculated Landing Pad NED: N=1.47, E=2.11
[2026-08-31 14:08:02,855] [lib.aruco_lib] [INFO] Detected ArUCO 102 with offset (np.float64(0.5323971475238795), np.float64(0.5486946496807011), np.float64(1.8604894157811498)).
[2026-08-31 14:08:02,866] [lib.aruco_lib] [INFO] Landing ArUco (102) detected at camera offset: [0.53239715 0.54869465 1.86048942]
[2026-08-31 14:08:02,867] [lib.aruco_lib] [INFO] Calculated Landing Pad NED: N=1.47, E=2.10
[2026-08-31 14:08:03,130] [lib.aruco_lib] [INFO] Detected ArUCO 102 with offset (np.float64(0.5304684427232208), np.float64(0.5478867003789021), np.float64(1.8600521168515316)).
[2026-08-31 14:08:03,137] [lib.aruco_lib] [INFO] Landing ArUco (102) detected at camera offset: [0.53046844 0.5478867  1.86005212]
[2026-08-31 14:08:03,137] [lib.aruco_lib] [INFO] Calculated Landing Pad NED: N=1.47, E=2.13
[2026-08-31 14:08:03,396] [lib.aruco_lib] [INFO] Detected ArUCO 102 with offset (np.float64(0.49590154234262696), np.float64(0.5445136928961609), np.float64(1.852096435015823)).
[2026-08-31 14:08:03,403] [lib.aruco_lib] [INFO] Landing ArUco (102) detected at camera offset: [0.49590154 0.54451369 1.85209644]
[2026-08-31 14:08:03,403] [lib.aruco_lib] [INFO] Calculated Landing Pad NED: N=1.47, E=2.11
[2026-08-31 14:08:03,667] [lib.aruco_lib] [INFO] Detected ArUCO 102 with offset (np.float64(0.4646572117772548), np.float64(0.5417695635693868), np.float64(1.8453669370912074)).
[2026-08-31 14:08:03,675] [lib.aruco_lib] [INFO] Landing ArUco (102) detected at camera offset: [0.46465721 0.54176956 1.84536694]
[2026-08-31 14:08:03,675] [lib.aruco_lib] [INFO] Calculated Landing Pad NED: N=1.47, E=2.11
[2026-08-31 14:08:03,927] [lib.aruco_lib] [INFO] Detected ArUCO 102 with offset (np.float64(0.4989315019464399), np.float64(0.5988954264533471), np.float64(2.045027438753914)).
[2026-08-31 14:08:03,934] [lib.aruco_lib] [INFO] Landing ArUco (102) detected at camera offset: [0.4989315  0.59889543 2.04502744]
[2026-08-31 14:08:03,934] [lib.aruco_lib] [INFO] Calculated Landing Pad NED: N=1.42, E=2.16
[2026-08-31 14:08:04,181] [lib.aruco_lib] [INFO] Detected ArUCO 102 with offset (np.float64(0.4084652344704359), np.float64(0.5397560131654887), np.float64(1.8472238119208269)).
[2026-08-31 14:08:04,187] [lib.aruco_lib] [INFO] Landing ArUco (102) detected at camera offset: [0.40846523 0.53975601 1.84722381]
[2026-08-31 14:08:04,187] [lib.aruco_lib] [INFO] Calculated Landing Pad NED: N=1.48, E=2.11
[2026-08-31 14:08:04,442] [lib.aruco_lib] [INFO] Detected ArUCO 102 with offset (np.float64(0.399338002673773), np.float64(0.5380236909484047), np.float64(1.849593153689541)).
[2026-08-31 14:08:04,447] [lib.aruco_lib] [INFO] Landing ArUco (102) detected at camera offset: [0.399338   0.53802369 1.84959315]
[2026-08-31 14:08:04,447] [lib.aruco_lib] [INFO] Calculated Landing Pad NED: N=1.48, E=2.11
[2026-08-31 14:08:04,702] [lib.aruco_lib] [INFO] Detected ArUCO 102 with offset (np.float64(0.36907851258091817), np.float64(0.5399850493575558), np.float64(1.8629675544306765)).
[2026-08-31 14:08:04,710] [lib.aruco_lib] [INFO] Landing ArUco (102) detected at camera offset: [0.36907851 0.53998505 1.86296755]
[2026-08-31 14:08:04,710] [lib.aruco_lib] [INFO] Calculated Landing Pad NED: N=1.47, E=2.11
[2026-08-31 14:08:05,014] [lib.aruco_lib] [INFO] Detected ArUCO 102 with offset (np.float64(0.3342502967311089), np.float64(0.5313121942992999), np.float64(1.8385791573500525)).
[2026-08-31 14:08:05,021] [lib.aruco_lib] [INFO] Landing ArUco (102) detected at camera offset: [0.3342503  0.53131219 1.83857916]
[2026-08-31 14:08:05,022] [lib.aruco_lib] [INFO] Calculated Landing Pad NED: N=1.48, E=2.10
[2026-08-31 14:08:05,271] [lib.aruco_lib] [INFO] Detected ArUCO 102 with offset (np.float64(0.33135877441713063), np.float64(0.5344152780617956), np.float64(1.8579944638705694)).
[2026-08-31 14:08:05,277] [lib.aruco_lib] [INFO] Landing ArUco (102) detected at camera offset: [0.33135877 0.53441528 1.85799446]
[2026-08-31 14:08:05,277] [lib.aruco_lib] [INFO] Calculated Landing Pad NED: N=1.48, E=2.12
[2026-08-31 14:08:05,525] [lib.aruco_lib] [INFO] Detected ArUCO 102 with offset (np.float64(0.2844941453334994), np.float64(0.5277085831072791), np.float64(1.8440921606250757)).
[2026-08-31 14:08:05,529] [lib.aruco_lib] [INFO] Landing ArUco (102) detected at camera offset: [0.28449415 0.52770858 1.84409216]
[2026-08-31 14:08:05,530] [lib.aruco_lib] [INFO] Calculated Landing Pad NED: N=1.48, E=2.11
[2026-08-31 14:08:05,839] [lib.aruco_lib] [INFO] Detected ArUCO 102 with offset (np.float64(0.282109138713863), np.float64(0.5200416992333248), np.float64(1.8399515079465754)).
[2026-08-31 14:08:05,855] [lib.aruco_lib] [INFO] Landing ArUco (102) detected at camera offset: [0.28210914 0.5200417  1.83995151]
[2026-08-31 14:08:05,855] [lib.aruco_lib] [INFO] Calculated Landing Pad NED: N=1.48, E=2.12
[2026-08-31 14:08:06,146] [lib.aruco_lib] [INFO] Detected ArUCO 102 with offset (np.float64(0.24219983196576952), np.float64(0.5205962315513092), np.float64(1.8424040989677186)).
[2026-08-31 14:08:06,151] [lib.aruco_lib] [INFO] Landing ArUco (102) detected at camera offset: [0.24219983 0.52059623 1.8424041 ]
[2026-08-31 14:08:06,151] [lib.aruco_lib] [INFO] Calculated Landing Pad NED: N=1.48, E=2.11
[2026-08-31 14:08:06,152] [lib.aruco_lib] [INFO] Reached search waypoint 1
[2026-08-31 14:08:06,406] [lib.aruco_lib] [INFO] Detected ArUCO 102 with offset (np.float64(0.210680768048739), np.float64(0.5324507918269108), np.float64(1.8345410165085954)).
[2026-08-31 14:08:06,413] [lib.aruco_lib] [INFO] Landing ArUco (102) detected at camera offset: [0.21068077 0.53245079 1.83454102]
[2026-08-31 14:08:06,413] [lib.aruco_lib] [INFO] Calculated Landing Pad NED: N=1.47, E=2.11
[2026-08-31 14:08:06,678] [lib.aruco_lib] [INFO] Detected ArUCO 102 with offset (np.float64(0.18236421443330234), np.float64(0.5456124631735649), np.float64(1.8455377402065973)).
[2026-08-31 14:08:06,686] [lib.aruco_lib] [INFO] Landing ArUco (102) detected at camera offset: [0.18236421 0.54561246 1.84553774]
[2026-08-31 14:08:06,686] [lib.aruco_lib] [INFO] Calculated Landing Pad NED: N=1.44, E=2.09
[2026-08-31 14:08:06,961] [lib.aruco_lib] [INFO] Detected ArUCO 102 with offset (np.float64(0.16020533059517564), np.float64(0.5189745006985024), np.float64(1.8392673707438063)).
[2026-08-31 14:08:06,969] [lib.aruco_lib] [INFO] Landing ArUco (102) detected at camera offset: [0.16020533 0.5189745  1.83926737]
[2026-08-31 14:08:06,969] [lib.aruco_lib] [INFO] Calculated Landing Pad NED: N=1.44, E=2.08
[2026-08-31 14:08:07,222] [lib.aruco_lib] [INFO] Detected ArUCO 102 with offset (np.float64(0.18882100396351398), np.float64(0.4908448991293218), np.float64(1.8580626285867117)).
[2026-08-31 14:08:07,228] [lib.aruco_lib] [INFO] Landing ArUco (102) detected at camera offset: [0.188821   0.4908449  1.85806263]
[2026-08-31 14:08:07,228] [lib.aruco_lib] [INFO] Calculated Landing Pad NED: N=1.46, E=2.10
[2026-08-31 14:08:07,477] [lib.aruco_lib] [INFO] Detected ArUCO 102 with offset (np.float64(0.17397109100442731), np.float64(0.4691023964431489), np.float64(1.8424164310456346)).
[2026-08-31 14:08:07,484] [lib.aruco_lib] [INFO] Landing ArUco (102) detected at camera offset: [0.17397109 0.4691024  1.84241643]
[2026-08-31 14:08:07,484] [lib.aruco_lib] [INFO] Calculated Landing Pad NED: N=1.47, E=2.09
[2026-08-31 14:08:07,789] [lib.aruco_lib] [INFO] Detected ArUCO 102 with offset (np.float64(0.18368134791993082), np.float64(0.43242739811858005), np.float64(1.8359670419609844)).
[2026-08-31 14:08:07,800] [lib.aruco_lib] [INFO] Landing ArUco (102) detected at camera offset: [0.18368135 0.4324274  1.83596704]
[2026-08-31 14:08:07,800] [lib.aruco_lib] [INFO] Calculated Landing Pad NED: N=1.46, E=2.10
[2026-08-31 14:08:08,059] [lib.aruco_lib] [INFO] Detected ArUCO 102 with offset (np.float64(0.18942974247192995), np.float64(0.4138353704371746), np.float64(1.8390742657542551)).
[2026-08-31 14:08:08,066] [lib.aruco_lib] [INFO] Landing ArUco (102) detected at camera offset: [0.18942974 0.41383537 1.83907427]
[2026-08-31 14:08:08,066] [lib.aruco_lib] [INFO] Calculated Landing Pad NED: N=1.47, E=2.10
[2026-08-31 14:08:08,313] [lib.aruco_lib] [INFO] Detected ArUCO 102 with offset (np.float64(0.1738067459783604), np.float64(0.38873658017325974), np.float64(1.8334487497009553)).
[2026-08-31 14:08:08,318] [lib.aruco_lib] [INFO] Landing ArUco (102) detected at camera offset: [0.17380675 0.38873658 1.83344875]
[2026-08-31 14:08:08,318] [lib.aruco_lib] [INFO] Calculated Landing Pad NED: N=1.46, E=2.09
[2026-08-31 14:08:08,572] [lib.aruco_lib] [INFO] Detected ArUCO 102 with offset (np.float64(0.19494009366505188), np.float64(0.3648073794495978), np.float64(1.8328787961216868)).
[2026-08-31 14:08:08,578] [lib.aruco_lib] [INFO] Landing ArUco (102) detected at camera offset: [0.19494009 0.36480738 1.8328788 ]
[2026-08-31 14:08:08,578] [lib.aruco_lib] [INFO] Calculated Landing Pad NED: N=1.46, E=2.11
[2026-08-31 14:08:08,835] [lib.aruco_lib] [INFO] Detected ArUCO 102 with offset (np.float64(0.1931820653695439), np.float64(0.3717613877283277), np.float64(2.019648317311583)).
[2026-08-31 14:08:08,841] [lib.aruco_lib] [INFO] Landing ArUco (102) detected at camera offset: [0.19318207 0.37176139 2.01964832]
[2026-08-31 14:08:08,841] [lib.aruco_lib] [INFO] Calculated Landing Pad NED: N=1.44, E=2.12
[2026-08-31 14:08:09,113] [lib.aruco_lib] [INFO] Detected ArUCO 102 with offset (np.float64(0.18163441191369314), np.float64(0.32227811716308896), np.float64(1.831749812568792)).
[2026-08-31 14:08:09,126] [lib.aruco_lib] [INFO] Landing ArUco (102) detected at camera offset: [0.18163441 0.32227812 1.83174981]
[2026-08-31 14:08:09,127] [lib.aruco_lib] [INFO] Calculated Landing Pad NED: N=1.46, E=2.11
[2026-08-31 14:08:09,386] [lib.aruco_lib] [INFO] Detected ArUCO 102 with offset (np.float64(0.1794254141423909), np.float64(0.28871779825512456), np.float64(1.829083066536153)).
[2026-08-31 14:08:09,391] [lib.aruco_lib] [INFO] Landing ArUco (102) detected at camera offset: [0.17942541 0.2887178  1.82908307]
[2026-08-31 14:08:09,391] [lib.aruco_lib] [INFO] Calculated Landing Pad NED: N=1.46, E=2.10
[2026-08-31 14:08:09,644] [lib.aruco_lib] [INFO] Detected ArUCO 102 with offset (np.float64(0.16522686074701104), np.float64(0.27198468048252766), np.float64(1.8293906590846152)).
[2026-08-31 14:08:09,649] [lib.aruco_lib] [INFO] Landing ArUco (102) detected at camera offset: [0.16522686 0.27198468 1.82939066]
[2026-08-31 14:08:09,649] [lib.aruco_lib] [INFO] Calculated Landing Pad NED: N=1.46, E=2.09
[2026-08-31 14:08:09,898] [lib.aruco_lib] [INFO] Detected ArUCO 102 with offset (np.float64(0.180129411796824), np.float64(0.24435407531895817), np.float64(1.8275160510089876)).
[2026-08-31 14:08:09,902] [lib.aruco_lib] [INFO] Landing ArUco (102) detected at camera offset: [0.18012941 0.24435408 1.82751605]
[2026-08-31 14:08:09,902] [lib.aruco_lib] [INFO] Calculated Landing Pad NED: N=1.46, E=2.12
[2026-08-31 14:08:10,153] [lib.aruco_lib] [INFO] Detected ArUCO 102 with offset (np.float64(0.15040169353473165), np.float64(0.22188875772428093), np.float64(1.8268359580155729)).
[2026-08-31 14:08:10,159] [lib.aruco_lib] [INFO] Landing ArUco (102) detected at camera offset: [0.15040169 0.22188876 1.82683596]
[2026-08-31 14:08:10,159] [lib.aruco_lib] [INFO] Calculated Landing Pad NED: N=1.46, E=2.09
[2026-08-31 14:08:10,414] [lib.aruco_lib] [INFO] Detected ArUCO 102 with offset (np.float64(0.17026146450825688), np.float64(0.19786730051060214), np.float64(1.825798178784795)).
[2026-08-31 14:08:10,422] [lib.aruco_lib] [INFO] Landing ArUco (102) detected at camera offset: [0.17026146 0.1978673  1.82579818]
[2026-08-31 14:08:10,422] [lib.aruco_lib] [INFO] Calculated Landing Pad NED: N=1.47, E=2.11
[2026-08-31 14:08:10,714] [lib.aruco_lib] [INFO] Detected ArUCO 102 with offset (np.float64(0.16106635432760627), np.float64(0.17297167345193196), np.float64(1.8243645484430113)).
[2026-08-31 14:08:10,720] [lib.aruco_lib] [INFO] Landing ArUco (102) detected at camera offset: [0.16106635 0.17297167 1.82436455]
[2026-08-31 14:08:10,721] [lib.aruco_lib] [INFO] Calculated Landing Pad NED: N=1.45, E=2.10
[2026-08-31 14:08:10,969] [lib.aruco_lib] [INFO] Detected ArUCO 102 with offset (np.float64(0.1654631213778308), np.float64(0.14242593919475044), np.float64(1.829326012273303)).
[2026-08-31 14:08:10,974] [lib.aruco_lib] [INFO] Landing ArUco (102) detected at camera offset: [0.16546312 0.14242594 1.82932601]
[2026-08-31 14:08:10,974] [lib.aruco_lib] [INFO] Calculated Landing Pad NED: N=1.47, E=2.11
[2026-08-31 14:08:11,229] [lib.aruco_lib] [INFO] Detected ArUCO 102 with offset (np.float64(0.1794185824866836), np.float64(0.1281550554882387), np.float64(1.8245421215079407)).
[2026-08-31 14:08:11,234] [lib.aruco_lib] [INFO] Landing ArUco (102) detected at camera offset: [0.17941858 0.12815506 1.82454212]
[2026-08-31 14:08:11,234] [lib.aruco_lib] [INFO] Calculated Landing Pad NED: N=1.45, E=2.12
[2026-08-31 14:08:11,481] [lib.aruco_lib] [INFO] Detected ArUCO 102 with offset (np.float64(0.17246343457739963), np.float64(0.09426346792042228), np.float64(1.825207729438204)).
[2026-08-31 14:08:11,486] [lib.aruco_lib] [INFO] Landing ArUco (102) detected at camera offset: [0.17246343 0.09426347 1.82520773]
[2026-08-31 14:08:11,486] [lib.aruco_lib] [INFO] Calculated Landing Pad NED: N=1.46, E=2.10
[2026-08-31 14:08:11,733] [lib.aruco_lib] [INFO] Detected ArUCO 102 with offset (np.float64(0.19986209594097365), np.float64(0.07394336704825372), np.float64(1.8246257030891526)).
[2026-08-31 14:08:11,738] [lib.aruco_lib] [INFO] Landing ArUco (102) detected at camera offset: [0.1998621  0.07394337 1.8246257 ]
[2026-08-31 14:08:11,738] [lib.aruco_lib] [INFO] Calculated Landing Pad NED: N=1.46, E=2.12
[2026-08-31 14:08:11,990] [lib.aruco_lib] [INFO] Detected ArUCO 102 with offset (np.float64(0.18224270452340768), np.float64(0.045062701297456355), np.float64(1.8238710271704293)).
[2026-08-31 14:08:11,995] [lib.aruco_lib] [INFO] Landing ArUco (102) detected at camera offset: [0.1822427  0.0450627  1.82387103]
[2026-08-31 14:08:11,995] [lib.aruco_lib] [INFO] Calculated Landing Pad NED: N=1.46, E=2.11
[2026-08-31 14:08:12,249] [lib.aruco_lib] [INFO] Detected ArUCO 102 with offset (np.float64(0.18966035267996748), np.float64(0.021723897869794957), np.float64(1.8288118939442433)).
[2026-08-31 14:08:12,253] [lib.aruco_lib] [INFO] Landing ArUco (102) detected at camera offset: [0.18966035 0.0217239  1.82881189]
[2026-08-31 14:08:12,254] [lib.aruco_lib] [INFO] Calculated Landing Pad NED: N=1.46, E=2.11
[2026-08-31 14:08:12,520] [lib.aruco_lib] [INFO] Detected ArUCO 102 with offset (np.float64(0.17450234306009546), np.float64(0.003859388813458845), np.float64(1.8172693018508426)).
[2026-08-31 14:08:12,527] [lib.aruco_lib] [INFO] Landing ArUco (102) detected at camera offset: [0.17450234 0.00385939 1.8172693 ]
[2026-08-31 14:08:12,527] [lib.aruco_lib] [INFO] Calculated Landing Pad NED: N=1.47, E=2.10
[2026-08-31 14:08:12,881] [lib.aruco_lib] [INFO] Detected ArUCO 102 with offset (np.float64(0.18717950652260612), np.float64(-0.011974226161658434), np.float64(1.8241306477191808)).
[2026-08-31 14:08:12,888] [lib.aruco_lib] [INFO] Landing ArUco (102) detected at camera offset: [ 0.18717951 -0.01197423  1.82413065]
[2026-08-31 14:08:12,888] [lib.aruco_lib] [INFO] Calculated Landing Pad NED: N=1.44, E=2.11
[2026-08-31 14:08:13,175] [lib.aruco_lib] [INFO] Detected ArUCO 102 with offset (np.float64(0.18435725444844878), np.float64(-0.0570368300897634), np.float64(1.8244191978509863)).
[2026-08-31 14:08:13,181] [lib.aruco_lib] [INFO] Landing ArUco (102) detected at camera offset: [ 0.18435725 -0.05703683  1.8244192 ]
[2026-08-31 14:08:13,181] [lib.aruco_lib] [INFO] Calculated Landing Pad NED: N=1.47, E=2.11
[2026-08-31 14:08:13,431] [lib.aruco_lib] [INFO] Detected ArUCO 102 with offset (np.float64(0.16180671770800711), np.float64(-0.0711250611854127), np.float64(1.8239224920711352)).
[2026-08-31 14:08:13,436] [lib.aruco_lib] [INFO] Landing ArUco (102) detected at camera offset: [ 0.16180672 -0.07112506  1.82392249]
[2026-08-31 14:08:13,436] [lib.aruco_lib] [INFO] Calculated Landing Pad NED: N=1.45, E=2.10
[2026-08-31 14:08:13,685] [lib.aruco_lib] [INFO] Detected ArUCO 102 with offset (np.float64(0.15999769551973594), np.float64(-0.1054414923532434), np.float64(1.8181902467292788)).
[2026-08-31 14:08:13,690] [lib.aruco_lib] [INFO] Landing ArUco (102) detected at camera offset: [ 0.1599977  -0.10544149  1.81819025]
[2026-08-31 14:08:13,690] [lib.aruco_lib] [INFO] Calculated Landing Pad NED: N=1.46, E=2.10
[2026-08-31 14:08:13,942] [lib.aruco_lib] [INFO] Detected ArUCO 102 with offset (np.float64(0.16321165792899242), np.float64(-0.12461631876093424), np.float64(1.8249298428207392)).
[2026-08-31 14:08:13,947] [lib.aruco_lib] [INFO] Landing ArUco (102) detected at camera offset: [ 0.16321166 -0.12461632  1.82492984]
[2026-08-31 14:08:13,947] [lib.aruco_lib] [INFO] Calculated Landing Pad NED: N=1.46, E=2.11
[2026-08-31 14:08:14,194] [lib.aruco_lib] [INFO] Detected ArUCO 102 with offset (np.float64(0.1533461685080333), np.float64(-0.15135881425419936), np.float64(1.8253140624940358)).
[2026-08-31 14:08:14,199] [lib.aruco_lib] [INFO] Landing ArUco (102) detected at camera offset: [ 0.15334617 -0.15135881  1.82531406]
[2026-08-31 14:08:14,199] [lib.aruco_lib] [INFO] Calculated Landing Pad NED: N=1.45, E=2.10
[2026-08-31 14:08:14,450] [lib.aruco_lib] [INFO] Detected ArUCO 102 with offset (np.float64(0.17783164652502143), np.float64(-0.17213568391823963), np.float64(1.8299565176292159)).
[2026-08-31 14:08:14,455] [lib.aruco_lib] [INFO] Landing ArUco (102) detected at camera offset: [ 0.17783165 -0.17213568  1.82995652]
[2026-08-31 14:08:14,455] [lib.aruco_lib] [INFO] Calculated Landing Pad NED: N=1.45, E=2.12
[2026-08-31 14:08:14,705] [lib.aruco_lib] [INFO] Detected ArUCO 102 with offset (np.float64(0.1618027380296305), np.float64(-0.20061222389015407), np.float64(1.8271015272146525)).
[2026-08-31 14:08:14,710] [lib.aruco_lib] [INFO] Landing ArUco (102) detected at camera offset: [ 0.16180274 -0.20061222  1.82710153]
[2026-08-31 14:08:14,710] [lib.aruco_lib] [INFO] Calculated Landing Pad NED: N=1.47, E=2.10
[2026-08-31 14:08:14,960] [lib.aruco_lib] [INFO] Detected ArUCO 102 with offset (np.float64(0.17723987879021652), np.float64(-0.21997979867678688), np.float64(1.8273721463574928)).
[2026-08-31 14:08:14,964] [lib.aruco_lib] [INFO] Landing ArUco (102) detected at camera offset: [ 0.17723988 -0.2199798   1.82737215]
[2026-08-31 14:08:14,965] [lib.aruco_lib] [INFO] Calculated Landing Pad NED: N=1.44, E=2.12
[2026-08-31 14:08:15,213] [lib.aruco_lib] [INFO] Detected ArUCO 102 with offset (np.float64(0.17840163570127165), np.float64(-0.2519517497209194), np.float64(1.8352374356754082)).
[2026-08-31 14:08:15,218] [lib.aruco_lib] [INFO] Landing ArUco (102) detected at camera offset: [ 0.17840164 -0.25195175  1.83523744]
[2026-08-31 14:08:15,218] [lib.aruco_lib] [INFO] Calculated Landing Pad NED: N=1.45, E=2.12
[2026-08-31 14:08:15,468] [lib.aruco_lib] [INFO] Detected ArUCO 102 with offset (np.float64(0.16532769571588862), np.float64(-0.268849245594575), np.float64(1.8299038578456732)).
[2026-08-31 14:08:15,473] [lib.aruco_lib] [INFO] Landing ArUco (102) detected at camera offset: [ 0.1653277  -0.26884925  1.82990386]
[2026-08-31 14:08:15,473] [lib.aruco_lib] [INFO] Calculated Landing Pad NED: N=1.46, E=2.11
[2026-08-31 14:08:15,724] [lib.aruco_lib] [INFO] Detected ArUCO 102 with offset (np.float64(0.18399138030479473), np.float64(-0.2993648780148399), np.float64(1.8272496240299538)).
[2026-08-31 14:08:15,728] [lib.aruco_lib] [INFO] Landing ArUco (102) detected at camera offset: [ 0.18399138 -0.29936488  1.82724962]
[2026-08-31 14:08:15,728] [lib.aruco_lib] [INFO] Calculated Landing Pad NED: N=1.46, E=2.13
[2026-08-31 14:08:15,985] [lib.aruco_lib] [INFO] Detected ArUCO 102 with offset (np.float64(0.16289005194382455), np.float64(-0.32262226940512034), np.float64(1.8414097648701189)).
[2026-08-31 14:08:15,990] [lib.aruco_lib] [INFO] Landing ArUco (102) detected at camera offset: [ 0.16289005 -0.32262227  1.84140976]
[2026-08-31 14:08:15,990] [lib.aruco_lib] [INFO] Calculated Landing Pad NED: N=1.46, E=2.11
[2026-08-31 14:08:16,241] [lib.aruco_lib] [INFO] Detected ArUCO 102 with offset (np.float64(0.17589028088372902), np.float64(-0.34666769320458796), np.float64(1.8365047682058284)).
[2026-08-31 14:08:16,246] [lib.aruco_lib] [INFO] Landing ArUco (102) detected at camera offset: [ 0.17589028 -0.34666769  1.83650477]
[2026-08-31 14:08:16,246] [lib.aruco_lib] [INFO] Calculated Landing Pad NED: N=1.45, E=2.12
[2026-08-31 14:08:16,498] [lib.aruco_lib] [INFO] Detected ArUCO 102 with offset (np.float64(0.17318890343970736), np.float64(-0.3743205605050475), np.float64(1.8527060992837185)).
[2026-08-31 14:08:16,503] [lib.aruco_lib] [INFO] Landing ArUco (102) detected at camera offset: [ 0.1731889  -0.37432056  1.8527061 ]
[2026-08-31 14:08:16,503] [lib.aruco_lib] [INFO] Calculated Landing Pad NED: N=1.45, E=2.12
[2026-08-31 14:08:16,751] [lib.aruco_lib] [INFO] Detected ArUCO 102 with offset (np.float64(0.16670132129730778), np.float64(-0.39963587927083005), np.float64(1.8332348642681073)).
[2026-08-31 14:08:16,755] [lib.aruco_lib] [INFO] Landing ArUco (102) detected at camera offset: [ 0.16670132 -0.39963588  1.83323486]
[2026-08-31 14:08:16,755] [lib.aruco_lib] [INFO] Calculated Landing Pad NED: N=1.47, E=2.11
[2026-08-31 14:08:17,008] [lib.aruco_lib] [INFO] Detected ArUCO 102 with offset (np.float64(0.18450748232529232), np.float64(-0.4163633795814339), np.float64(1.8424457244272545)).
[2026-08-31 14:08:17,014] [lib.aruco_lib] [INFO] Landing ArUco (102) detected at camera offset: [ 0.18450748 -0.41636338  1.84244572]
[2026-08-31 14:08:17,014] [lib.aruco_lib] [INFO] Calculated Landing Pad NED: N=1.44, E=2.13
[2026-08-31 14:08:17,265] [lib.aruco_lib] [INFO] Detected ArUCO 102 with offset (np.float64(0.16761434029101574), np.float64(-0.4531673038523822), np.float64(1.844855692267619)).
[2026-08-31 14:08:17,270] [lib.aruco_lib] [INFO] Landing ArUco (102) detected at camera offset: [ 0.16761434 -0.4531673   1.84485569]
[2026-08-31 14:08:17,270] [lib.aruco_lib] [INFO] Calculated Landing Pad NED: N=1.46, E=2.11
[2026-08-31 14:08:17,520] [lib.aruco_lib] [INFO] Detected ArUCO 102 with offset (np.float64(0.18942798848977657), np.float64(-0.4685282530667592), np.float64(1.8428554957627614)).
[2026-08-31 14:08:17,525] [lib.aruco_lib] [INFO] Landing ArUco (102) detected at camera offset: [ 0.18942799 -0.46852825  1.8428555 ]
[2026-08-31 14:08:17,525] [lib.aruco_lib] [INFO] Calculated Landing Pad NED: N=1.46, E=2.13
[2026-08-31 14:08:17,781] [lib.aruco_lib] [INFO] Detected ArUCO 102 with offset (np.float64(0.1785894007928877), np.float64(-0.5024829986857757), np.float64(1.8559363058962752)).
[2026-08-31 14:08:17,786] [lib.aruco_lib] [INFO] Landing ArUco (102) detected at camera offset: [ 0.1785894  -0.502483    1.85593631]
[2026-08-31 14:08:17,786] [lib.aruco_lib] [INFO] Calculated Landing Pad NED: N=1.46, E=2.12
[2026-08-31 14:08:18,040] [lib.aruco_lib] [INFO] Detected ArUCO 102 with offset (np.float64(0.17860281100998196), np.float64(-0.5237593430572154), np.float64(1.8573891685098736)).
[2026-08-31 14:08:18,048] [lib.aruco_lib] [INFO] Landing ArUco (102) detected at camera offset: [ 0.17860281 -0.52375934  1.85738917]
[2026-08-31 14:08:18,048] [lib.aruco_lib] [INFO] Calculated Landing Pad NED: N=1.46, E=2.12
[2026-08-31 14:08:18,300] [lib.aruco_lib] [INFO] Detected ArUCO 102 with offset (np.float64(0.18925607240788714), np.float64(-0.5485688138428789), np.float64(1.8592633164982058)).
[2026-08-31 14:08:18,305] [lib.aruco_lib] [INFO] Landing ArUco (102) detected at camera offset: [ 0.18925607 -0.54856881  1.85926332]
[2026-08-31 14:08:18,305] [lib.aruco_lib] [INFO] Calculated Landing Pad NED: N=1.45, E=2.13
[2026-08-31 14:08:18,560] [lib.aruco_lib] [INFO] Detected ArUCO 102 with offset (np.float64(0.1660433476739778), np.float64(-0.5746927649666691), np.float64(1.8661992098203792)).
[2026-08-31 14:08:18,565] [lib.aruco_lib] [INFO] Landing ArUco (102) detected at camera offset: [ 0.16604335 -0.57469276  1.86619921]
[2026-08-31 14:08:18,565] [lib.aruco_lib] [INFO] Calculated Landing Pad NED: N=1.45, E=2.11
[2026-08-31 14:08:18,857] [lib.aruco_lib] [INFO] Detected ArUCO 102 with offset (np.float64(0.18211386502996033), np.float64(-0.6012727268064096), np.float64(1.8615390806987904)).
[2026-08-31 14:08:18,864] [lib.aruco_lib] [INFO] Landing ArUco (102) detected at camera offset: [ 0.18211387 -0.60127273  1.86153908]
[2026-08-31 14:08:18,865] [lib.aruco_lib] [INFO] Calculated Landing Pad NED: N=1.47, E=2.12
[2026-08-31 14:08:19,202] [lib.aruco_lib] [INFO] Detected ArUCO 102 with offset (np.float64(0.16599430888744993), np.float64(-0.6123893671779024), np.float64(1.848191551696723)).
[2026-08-31 14:08:19,209] [lib.aruco_lib] [INFO] Landing ArUco (102) detected at camera offset: [ 0.16599431 -0.61238937  1.84819155]
[2026-08-31 14:08:19,209] [lib.aruco_lib] [INFO] Calculated Landing Pad NED: N=1.44, E=2.11
[2026-08-31 14:08:19,455] [lib.aruco_lib] [INFO] Detected ArUCO 102 with offset (np.float64(0.16821976550656148), np.float64(-0.6550753403892813), np.float64(1.87162713612332)).
[2026-08-31 14:08:19,460] [lib.aruco_lib] [INFO] Landing ArUco (102) detected at camera offset: [ 0.16821977 -0.65507534  1.87162714]
[2026-08-31 14:08:19,460] [lib.aruco_lib] [INFO] Calculated Landing Pad NED: N=1.46, E=2.11
[2026-08-31 14:08:19,716] [lib.aruco_lib] [INFO] Detected ArUCO 102 with offset (np.float64(0.17472392084995267), np.float64(-0.6670836438803249), np.float64(1.858196009661642)).
[2026-08-31 14:08:19,721] [lib.aruco_lib] [INFO] Landing ArUco (102) detected at camera offset: [ 0.17472392 -0.66708364  1.85819601]
[2026-08-31 14:08:19,721] [lib.aruco_lib] [INFO] Calculated Landing Pad NED: N=1.46, E=2.12
[2026-08-31 14:08:19,969] [lib.aruco_lib] [INFO] Detected ArUCO 102 with offset (np.float64(0.1612443582227191), np.float64(-0.7037998138941526), np.float64(1.879369982585398)).
[2026-08-31 14:08:19,974] [lib.aruco_lib] [INFO] Landing ArUco (102) detected at camera offset: [ 0.16124436 -0.70379981  1.87936998]
[2026-08-31 14:08:19,974] [lib.aruco_lib] [INFO] Calculated Landing Pad NED: N=1.46, E=2.10
[2026-08-31 14:08:52,671] [lib.aruco_lib] [INFO] Reached search waypoint 2
[2026-08-31 14:09:33,389] [lib.aruco_lib] [INFO] Reached search waypoint 3
[2026-08-31 14:09:33,650] [lib.aruco_lib] [INFO] Reached search waypoint 3
[2026-08-31 14:09:33,653] [lib.aruco_lib] [INFO] Centering over landing target: (1.46, 2.11)
[2026-08-31 14:09:36,686] [lib.aruco_lib] [WARNING] Target lost during alignment!
[2026-08-31 14:09:36,798] [lib.aruco_lib] [INFO] Reached search waypoint 3
[2026-08-31 14:09:36,799] [lib.aruco_lib] [INFO] Centering over landing target: (1.46, 2.11)
[2026-08-31 14:09:39,829] [lib.aruco_lib] [WARNING] Target lost during alignment!
[2026-08-31 14:09:39,862] [lib.aruco_lib] [INFO] Reached search waypoint 3
[2026-08-31 14:09:39,862] [lib.aruco_lib] [INFO] Centering over landing target: (1.46, 2.11)
[2026-08-31 14:09:42,888] [lib.aruco_lib] [WARNING] Target lost during alignment!
[2026-08-31 14:09:42,905] [lib.aruco_lib] [INFO] Reached search waypoint 3
[2026-08-31 14:09:42,905] [lib.aruco_lib] [INFO] Centering over landing target: (1.46, 2.11)
[2026-08-31 14:09:45,936] [lib.aruco_lib] [WARNING] Target lost during alignment!
[2026-08-31 14:09:46,021] [lib.aruco_lib] [INFO] Reached search waypoint 3
[2026-08-31 14:09:46,023] [lib.aruco_lib] [INFO] Centering over landing target: (1.46, 2.11)
[2026-08-31 14:09:49,058] [lib.aruco_lib] [WARNING] Target lost during alignment!
[2026-08-31 14:09:49,179] [lib.aruco_lib] [INFO] Reached search waypoint 3
[2026-08-31 14:09:49,180] [lib.aruco_lib] [INFO] Centering over landing target: (1.46, 2.11)
[2026-08-31 14:09:52,215] [lib.aruco_lib] [WARNING] Target lost during alignment!
[2026-08-31 14:09:52,241] [lib.aruco_lib] [INFO] Reached search waypoint 3
[2026-08-31 14:09:52,242] [lib.aruco_lib] [INFO] Centering over landing target: (1.46, 2.11)
[2026-08-31 14:09:55,271] [lib.aruco_lib] [INFO] Detected ArUCO 101 with offset (np.float64(0.6079235035502722), np.float64(-0.7133848403643853), np.float64(1.8805199934604482)).
[2026-08-31 14:09:55,272] [lib.aruco_lib] [WARNING] Target lost during alignment!
[2026-08-31 14:09:55,394] [lib.aruco_lib] [INFO] Detected ArUCO 101 with offset (np.float64(0.5951786266313468), np.float64(-0.7077867330857235), np.float64(1.8803734717306184)).
[2026-08-31 14:09:55,405] [lib.aruco_lib] [INFO] Home ArUco (101) detected at camera offset: [ 0.59517863 -0.70778673  1.88037347]
[2026-08-31 14:09:55,406] [lib.aruco_lib] [INFO] Centering over landing target: (1.46, 2.11)
[2026-08-31 14:09:58,431] [lib.aruco_lib] [INFO] Detected ArUCO 101 with offset (np.float64(0.4066375292625042), np.float64(-0.5363681397968662), np.float64(1.8523514085221977)).
[2026-08-31 14:09:58,432] [lib.aruco_lib] [WARNING] Target lost during alignment!
[2026-08-31 14:09:58,441] [lib.aruco_lib] [INFO] Detected ArUCO 101 with offset (np.float64(0.39832944883460575), np.float64(-0.5339631631345088), np.float64(1.8682544706826445)).
[2026-08-31 14:09:58,448] [lib.aruco_lib] [INFO] Home ArUco (101) detected at camera offset: [ 0.39832945 -0.53396316  1.86825447]
[2026-08-31 14:09:58,448] [lib.aruco_lib] [INFO] Centering over landing target: (1.46, 2.11)
[2026-08-31 14:10:01,486] [lib.aruco_lib] [INFO] Detected ArUCO 101 with offset (np.float64(0.17943201115239116), np.float64(-0.3504506003143876), np.float64(1.8343571307127093)).
[2026-08-31 14:10:01,486] [lib.aruco_lib] [WARNING] Target lost during alignment!
[2026-08-31 14:10:01,583] [lib.aruco_lib] [INFO] Detected ArUCO 101 with offset (np.float64(0.18263914314780463), np.float64(-0.3436704411241069), np.float64(1.8300268773954673)).
[2026-08-31 14:10:01,591] [lib.aruco_lib] [INFO] Home ArUco (101) detected at camera offset: [ 0.18263914 -0.34367044  1.83002688]
[2026-08-31 14:10:01,592] [lib.aruco_lib] [INFO] Centering over landing target: (1.46, 2.11)
[2026-08-31 14:10:04,624] [lib.aruco_lib] [INFO] Detected ArUCO 101 with offset (np.float64(-0.04172688919614163), np.float64(-0.16894100524273578), np.float64(1.823770395569841)).
[2026-08-31 14:10:04,625] [lib.aruco_lib] [WARNING] Target lost during alignment!
[2026-08-31 14:10:04,708] [lib.aruco_lib] [INFO] Detected ArUCO 101 with offset (np.float64(-0.05092569794624231), np.float64(-0.16576768912609924), np.float64(1.8185921304907229)).
[2026-08-31 14:10:04,715] [lib.aruco_lib] [INFO] Home ArUco (101) detected at camera offset: [-0.0509257  -0.16576769  1.81859213]
[2026-08-31 14:10:04,716] [lib.aruco_lib] [INFO] Centering over landing target: (1.46, 2.11)
[2026-08-31 14:10:07,742] [lib.aruco_lib] [INFO] Detected ArUCO 101 with offset (np.float64(-0.25364931652491046), np.float64(0.017632622091064674), np.float64(1.8395926874933903)).
[2026-08-31 14:10:07,742] [lib.aruco_lib] [WARNING] Target lost during alignment!
[2026-08-31 14:10:07,786] [lib.aruco_lib] [INFO] Detected ArUCO 101 with offset (np.float64(-0.27150798468740783), np.float64(0.024086871643816673), np.float64(1.826879176189683)).
[2026-08-31 14:10:07,791] [lib.aruco_lib] [INFO] Home ArUco (101) detected at camera offset: [-0.27150798  0.02408687  1.82687918]
[2026-08-31 14:10:07,791] [lib.aruco_lib] [INFO] Centering over landing target: (1.46, 2.11)
[2026-08-31 14:10:10,821] [lib.aruco_lib] [INFO] Detected ArUCO 101 with offset (np.float64(-0.4709526361765283), np.float64(0.19850666456765217), np.float64(1.8633207677931563)).
[2026-08-31 14:10:10,821] [lib.aruco_lib] [WARNING] Target lost during alignment!
[2026-08-31 14:10:10,845] [lib.aruco_lib] [INFO] Detected ArUCO 101 with offset (np.float64(-0.49461789807356715), np.float64(0.20281972693752098), np.float64(1.8521594048994248)).
[2026-08-31 14:10:10,852] [lib.aruco_lib] [INFO] Home ArUco (101) detected at camera offset: [-0.4946179   0.20281973  1.8521594 ]
[2026-08-31 14:10:10,853] [lib.aruco_lib] [INFO] Centering over landing target: (1.46, 2.11)
[2026-08-31 14:10:13,872] [lib.aruco_lib] [INFO] Detected ArUCO 101 with offset (np.float64(-0.7078014022907192), np.float64(0.39124254932303193), np.float64(1.876313553572423)).
[2026-08-31 14:10:13,872] [lib.aruco_lib] [WARNING] Target lost during alignment!
[2026-08-31 14:10:13,969] [lib.aruco_lib] [INFO] Detected ArUCO 101 with offset (np.float64(-0.7256740109517713), np.float64(0.3987438365442808), np.float64(1.8692652133031151)).
[2026-08-31 14:10:13,973] [lib.aruco_lib] [INFO] Home ArUco (101) detected at camera offset: [-0.72567401  0.39874384  1.86926521]
[2026-08-31 14:10:13,974] [lib.aruco_lib] [INFO] Centering over landing target: (1.46, 2.11)
[2026-08-31 14:10:16,992] [lib.aruco_lib] [INFO] Detected ArUCO 101 with offset (np.float64(-1.035905424535512), np.float64(0.6454295266058384), np.float64(2.051204737926389)).
[2026-08-31 14:10:16,993] [lib.aruco_lib] [WARNING] Target lost during alignment!
[2026-08-31 14:10:17,072] [lib.aruco_lib] [INFO] Detected ArUCO 101 with offset (np.float64(-1.0431359343583966), np.float64(0.6511866348675146), np.float64(2.052959265367667)).
[2026-08-31 14:10:17,079] [lib.aruco_lib] [INFO] Home ArUco (101) detected at camera offset: [-1.04313593  0.65118663  2.05295927]
[2026-08-31 14:10:17,080] [lib.aruco_lib] [INFO] Centering over landing target: (1.46, 2.11)
[2026-08-31 14:10:20,104] [lib.aruco_lib] [INFO] Detected ArUCO 102 with offset (np.float64(0.8392448389060726), np.float64(-0.7146473039482203), np.float64(1.8834563304223069)).
[2026-08-31 14:10:20,105] [lib.aruco_lib] [INFO] Aligning complete. Distance: 1.102294274987827m
[2026-08-31 14:10:20,136] [lib.aruco_lib] [INFO] Detected ArUCO 102 with offset (np.float64(0.8231184705852141), np.float64(-0.7117058804733073), np.float64(1.8834765952101993)).
[2026-08-31 14:10:20,142] [lib.aruco_lib] [INFO] Landing ArUco (102) detected at camera offset: [ 0.82311847 -0.71170588  1.8834766 ]
[2026-08-31 14:10:20,142] [lib.aruco_lib] [INFO] Calculated Landing Pad NED: N=-1.07, E=-0.89
[2026-08-31 14:10:20,144] [lib.aruco_lib] [INFO] Centering over landing target: (1.46, 2.11)
[2026-08-31 14:10:23,163] [lib.aruco_lib] [INFO] Detected ArUCO 102 with offset (np.float64(0.6256948604636652), np.float64(-0.5244572555698269), np.float64(1.8678825496510871)).
[2026-08-31 14:10:23,164] [lib.aruco_lib] [INFO] Aligning complete. Distance: 0.8164248105799334m
[2026-08-31 14:10:23,201] [lib.aruco_lib] [INFO] Detected ArUCO 102 with offset (np.float64(0.6063377213338783), np.float64(-0.5182158509185534), np.float64(1.872511459501624)).
[2026-08-31 14:10:23,207] [lib.aruco_lib] [INFO] Landing ArUco (102) detected at camera offset: [ 0.60633772 -0.51821585  1.87251146]
[2026-08-31 14:10:23,207] [lib.aruco_lib] [INFO] Calculated Landing Pad NED: N=-1.25, E=-1.08
[2026-08-31 14:10:23,208] [lib.aruco_lib] [INFO] Centering over landing target: (1.46, 2.11)
[2026-08-31 14:10:26,223] [lib.aruco_lib] [INFO] Detected ArUCO 102 with offset (np.float64(0.3926465791158152), np.float64(-0.3312384144793524), np.float64(1.8423345114667353)).
[2026-08-31 14:10:26,223] [lib.aruco_lib] [INFO] Aligning complete. Distance: 0.5137024657505036m
[2026-08-31 14:10:26,223] [lib.aruco_lib] [INFO] Approach finalised, landing...
[2026-08-31 14:10:26,225] [lib.drone_lib] [INFO] [MAV] Switching to LAND mode – PLND active.
[2026-08-31 14:10:26,226] [lib.drone_lib] [INFO] Telemetry Status: Armed=False, Estimated Alt=2.00m
[2026-08-31 14:11:36,138] [lib.drone_lib] [INFO] [MAV] Connecting to tcp:localhost:5762 ...
[2026-08-31 14:11:36,180] [lib.drone_lib] [INFO] [MAV] Heartbeat from system 1, component 0
[2026-08-31 14:11:36,180] [lib.drone_lib] [INFO] [MAV] Telemetry streams requested @ 4.0 Hz. Waiting for GLOBAL_POSITION_INT ...
[2026-08-31 14:11:36,180] [lib.drone_lib] [INFO] [MAV] Position streaming OK. Alt=0.0 m
[2026-08-31 14:11:36,497] [lib.aruco_lib] [INFO] ==========================================
[2026-08-31 14:11:36,497] [lib.aruco_lib] [INFO]        ERC DRONE MISSION BOOTLOADER       
[2026-08-31 14:11:36,498] [lib.aruco_lib] [INFO] ==========================================
[2026-08-31 14:11:36,498] [lib.status] [INFO] Checkpoint loaded: Phase=LANDING, SearchWP=3
[2026-08-31 14:11:36,729] [lib.drone_lib] [INFO] Telemetry Status: Armed=False, Estimated Alt=0.19m
[2026-08-31 14:11:36,729] [lib.aruco_lib] [INFO] Drone is grounded. Normal startup sequence.
[2026-08-31 14:11:36,729] [lib.drone_lib] [INFO] [MAV] Switching to LAND mode – PLND active.
[2026-08-31 14:11:37,620] [lib.drone_lib] [INFO] Telemetry Status: Armed=False, Estimated Alt=0.19m
[2026-08-31 14:15:02,217] [lib.drone_lib] [INFO] [MAV] Connecting to tcp:localhost:5762 ...
[2026-08-31 14:15:02,241] [lib.drone_lib] [INFO] [MAV] Heartbeat from system 1, component 0
[2026-08-31 14:15:02,242] [lib.drone_lib] [INFO] [MAV] Telemetry streams requested @ 4.0 Hz. Waiting for GLOBAL_POSITION_INT ...
[2026-08-31 14:15:02,242] [lib.drone_lib] [INFO] [MAV] Position streaming OK. Alt=0.0 m
[2026-08-31 14:15:03,409] [lib.aruco_lib] [INFO] ==========================================
[2026-08-31 14:15:03,409] [lib.aruco_lib] [INFO]        ERC DRONE MISSION BOOTLOADER       
[2026-08-31 14:15:03,409] [lib.aruco_lib] [INFO] ==========================================
[2026-08-31 14:15:03,410] [lib.status] [INFO] Checkpoint loaded: Phase=LANDING, SearchWP=3
[2026-08-31 14:15:03,411] [lib.drone_lib] [INFO] Telemetry Status: Armed=False, Estimated Alt=0.19m
[2026-08-31 14:15:03,411] [lib.aruco_lib] [INFO] Drone is grounded. Normal startup sequence.
[2026-08-31 14:15:03,411] [lib.drone_lib] [INFO] [MAV] Switching to LAND mode – PLND active.
[2026-08-31 14:15:03,535] [lib.drone_lib] [INFO] Telemetry Status: Armed=False, Estimated Alt=0.19m
[2026-08-31 14:15:07,853] [lib.drone_lib] [INFO] [MAV] Connecting to tcp:localhost:5762 ...
[2026-08-31 14:15:07,883] [lib.drone_lib] [INFO] [MAV] Heartbeat from system 1, component 0
[2026-08-31 14:15:07,884] [lib.drone_lib] [INFO] [MAV] Telemetry streams requested @ 4.0 Hz. Waiting for GLOBAL_POSITION_INT ...
[2026-08-31 14:15:07,884] [lib.drone_lib] [INFO] [MAV] Position streaming OK. Alt=0.0 m
[2026-08-31 14:15:08,956] [lib.aruco_lib] [INFO] ==========================================
[2026-08-31 14:15:08,956] [lib.aruco_lib] [INFO]        ERC DRONE MISSION BOOTLOADER       
[2026-08-31 14:15:08,956] [lib.aruco_lib] [INFO] ==========================================
[2026-08-31 14:15:08,956] [lib.status] [INFO] Checkpoint loaded: Phase=MISSION_COMPLETED, SearchWP=3
[2026-08-31 14:15:08,957] [lib.drone_lib] [INFO] Telemetry Status: Armed=False, Estimated Alt=0.19m
[2026-08-31 14:15:08,957] [lib.aruco_lib] [INFO] Drone is grounded. Normal startup sequence.
[2026-08-31 14:15:13,166] [lib.drone_lib] [INFO] [MAV] Connecting to tcp:localhost:5762 ...
[2026-08-31 14:15:13,189] [lib.drone_lib] [INFO] [MAV] Heartbeat from system 1, component 0
[2026-08-31 14:15:13,189] [lib.drone_lib] [INFO] [MAV] Telemetry streams requested @ 4.0 Hz. Waiting for GLOBAL_POSITION_INT ...
[2026-08-31 14:15:13,190] [lib.drone_lib] [INFO] [MAV] Position streaming OK. Alt=0.0 m
[2026-08-31 14:15:13,350] [lib.aruco_lib] [INFO] ==========================================
[2026-08-31 14:15:13,350] [lib.aruco_lib] [INFO]        ERC DRONE MISSION BOOTLOADER       
[2026-08-31 14:15:13,350] [lib.aruco_lib] [INFO] ==========================================
[2026-08-31 14:15:13,350] [lib.status] [INFO] Checkpoint loaded: Phase=MISSION_COMPLETED, SearchWP=3
[2026-08-31 14:15:14,205] [lib.drone_lib] [INFO] Telemetry Status: Armed=False, Estimated Alt=0.19m
[2026-08-31 14:15:14,205] [lib.aruco_lib] [INFO] Drone is grounded. Normal startup sequence.
[2026-08-31 14:20:09,357] [lib.drone_lib] [INFO] [MAV] Connecting to tcp:localhost:5762 ...
[2026-08-31 14:20:09,382] [lib.drone_lib] [INFO] [MAV] Heartbeat from system 1, component 0
[2026-08-31 14:20:09,382] [lib.drone_lib] [INFO] [MAV] Telemetry streams requested @ 4.0 Hz. Waiting for GLOBAL_POSITION_INT ...
[2026-08-31 14:20:09,382] [lib.drone_lib] [INFO] [MAV] Position streaming OK. Alt=0.0 m
[2026-08-31 14:20:09,926] [lib.aruco_lib] [INFO] ==========================================
[2026-08-31 14:20:09,926] [lib.aruco_lib] [INFO]        ERC DRONE MISSION BOOTLOADER       
[2026-08-31 14:20:09,926] [lib.aruco_lib] [INFO] ==========================================
[2026-08-31 14:20:09,927] [lib.status] [INFO] Checkpoint loaded: Phase=MISSION_COMPLETED, SearchWP=3
[2026-08-31 14:20:09,928] [lib.drone_lib] [INFO] Telemetry Status: Armed=False, Estimated Alt=0.19m
[2026-08-31 14:20:09,928] [lib.aruco_lib] [INFO] Drone is grounded. Normal startup sequence.
[2026-08-31 14:20:12,074] [lib.drone_lib] [INFO] [MAV] Connecting to tcp:localhost:5762 ...
[2026-08-31 14:20:12,126] [lib.drone_lib] [INFO] [MAV] Heartbeat from system 1, component 0
[2026-08-31 14:20:12,127] [lib.drone_lib] [INFO] [MAV] Telemetry streams requested @ 4.0 Hz. Waiting for GLOBAL_POSITION_INT ...
[2026-08-31 14:20:12,128] [lib.drone_lib] [INFO] [MAV] Position streaming OK. Alt=0.0 m
[2026-08-31 14:20:13,203] [lib.aruco_lib] [INFO] ==========================================
[2026-08-31 14:20:13,203] [lib.aruco_lib] [INFO]        ERC DRONE MISSION BOOTLOADER       
[2026-08-31 14:20:13,204] [lib.aruco_lib] [INFO] ==========================================
[2026-08-31 14:20:13,204] [lib.status] [INFO] Checkpoint loaded: Phase=MISSION_COMPLETED, SearchWP=3
[2026-08-31 14:20:13,206] [lib.drone_lib] [INFO] Telemetry Status: Armed=False, Estimated Alt=0.19m
[2026-08-31 14:20:13,206] [lib.aruco_lib] [INFO] Drone is grounded. Normal startup sequence.
[2026-08-31 14:20:37,895] [lib.drone_lib] [INFO] [MAV] Connecting to tcp:localhost:5762 ...
[2026-08-31 14:20:37,924] [lib.drone_lib] [INFO] [MAV] Heartbeat from system 1, component 0
[2026-08-31 14:20:37,925] [lib.drone_lib] [INFO] [MAV] Telemetry streams requested @ 4.0 Hz. Waiting for GLOBAL_POSITION_INT ...
[2026-08-31 14:20:37,925] [lib.drone_lib] [INFO] [MAV] Position streaming OK. Alt=0.0 m
[2026-08-31 14:20:38,965] [lib.aruco_lib] [INFO] ==========================================
[2026-08-31 14:20:38,965] [lib.aruco_lib] [INFO]        ERC DRONE MISSION BOOTLOADER       
[2026-08-31 14:20:38,965] [lib.aruco_lib] [INFO] ==========================================
[2026-08-31 14:20:38,966] [lib.status] [INFO] Checkpoint loaded: Phase=MISSION_COMPLETED, SearchWP=3
[2026-08-31 14:20:38,966] [lib.drone_lib] [INFO] Telemetry Status: Armed=False, Estimated Alt=0.19m
[2026-08-31 14:20:38,966] [lib.aruco_lib] [INFO] Drone is grounded. Normal startup sequence.
[2026-08-31 14:20:38,967] [lib.status] [INFO] Checkpoint file cleared.
[2026-08-31 14:20:40,980] [lib.drone_lib] [INFO] [MAV] Connecting to tcp:localhost:5762 ...
[2026-08-31 14:20:41,010] [lib.drone_lib] [INFO] [MAV] Heartbeat from system 1, component 0
[2026-08-31 14:20:41,011] [lib.drone_lib] [INFO] [MAV] Telemetry streams requested @ 4.0 Hz. Waiting for GLOBAL_POSITION_INT ...
[2026-08-31 14:20:41,011] [lib.drone_lib] [INFO] [MAV] Position streaming OK. Alt=0.0 m
[2026-08-31 14:20:41,363] [lib.aruco_lib] [INFO] ==========================================
[2026-08-31 14:20:41,363] [lib.aruco_lib] [INFO]        ERC DRONE MISSION BOOTLOADER       
[2026-08-31 14:20:41,363] [lib.aruco_lib] [INFO] ==========================================
[2026-08-31 14:20:41,363] [lib.status] [INFO] No checkpoint found. Initializing fresh state.
[2026-08-31 14:20:42,039] [lib.drone_lib] [INFO] Telemetry Status: Armed=False, Estimated Alt=0.19m
[2026-08-31 14:20:42,039] [lib.aruco_lib] [INFO] Drone is grounded. Normal startup sequence.
[2026-08-31 14:20:42,039] [lib.aruco_lib] [INFO] Ready for launch. Waiting for launch signal...
[2026-08-31 14:20:42,039] [lib.aruco_lib] [INFO] --- Starting Mission ---
[2026-08-31 14:20:42,039] [lib.drone_lib] [INFO] [MAV] Switching to GUIDED ...
[2026-08-31 14:20:43,039] [lib.drone_lib] [INFO] [MAV] Arming ...
[2026-08-31 14:20:43,091] [lib.drone_lib] [INFO] [MAV] Armed.
[2026-08-31 14:20:43,091] [lib.drone_lib] [INFO] [MAV] Taking off to 2.0 m ...
[2026-08-31 14:20:49,343] [lib.drone_lib] [INFO] [MAV] Reached 1.9 m.
[2026-08-31 14:20:54,357] [lib.aruco_lib] [INFO] Detected ArUCO 102 with offset (np.float64(0.3393448027944617), np.float64(-0.28371314140236753), np.float64(2.018631354272952)).
[2026-08-31 14:20:54,363] [lib.aruco_lib] [INFO] Landing ArUco (102) detected at camera offset: [ 0.3393448  -0.28371314  2.01863135]
[2026-08-31 14:20:54,363] [lib.aruco_lib] [INFO] Calculated Landing Pad NED: N=1.44, E=2.09
[2026-08-31 14:20:54,363] [lib.aruco_lib] [INFO] Moving to first waypoint
[2026-08-31 14:20:54,451] [lib.aruco_lib] [INFO] Detected ArUCO 102 with offset (np.float64(0.34322961404834285), np.float64(-0.28335214777190426), np.float64(2.0121815451351397)).
[2026-08-31 14:20:54,457] [lib.aruco_lib] [INFO] Landing ArUco (102) detected at camera offset: [ 0.34322961 -0.28335215  2.01218155]
[2026-08-31 14:20:54,457] [lib.aruco_lib] [INFO] Calculated Landing Pad NED: N=1.44, E=2.09
[2026-08-31 14:20:54,570] [lib.aruco_lib] [INFO] Detected ArUCO 102 with offset (np.float64(0.3192081227938754), np.float64(-0.29102071657275896), np.float64(2.0110195916690348)).
[2026-08-31 14:20:54,575] [lib.aruco_lib] [INFO] Landing ArUco (102) detected at camera offset: [ 0.31920812 -0.29102072  2.01101959]
[2026-08-31 14:20:54,575] [lib.aruco_lib] [INFO] Calculated Landing Pad NED: N=1.45, E=2.09
[2026-08-31 14:20:54,705] [lib.aruco_lib] [INFO] Detected ArUCO 102 with offset (np.float64(0.2353961200412132), np.float64(-0.31008645825127695), np.float64(2.0103264806155408)).
[2026-08-31 14:20:54,711] [lib.aruco_lib] [INFO] Landing ArUco (102) detected at camera offset: [ 0.23539612 -0.31008646  2.01032648]
[2026-08-31 14:20:54,711] [lib.aruco_lib] [INFO] Calculated Landing Pad NED: N=1.47, E=2.00
[2026-08-31 14:20:54,830] [lib.aruco_lib] [INFO] Detected ArUCO 102 with offset (np.float64(0.11433214238842078), np.float64(-0.330887567394411), np.float64(1.9943096981076338)).
[2026-08-31 14:20:54,837] [lib.aruco_lib] [INFO] Landing ArUco (102) detected at camera offset: [ 0.11433214 -0.33088757  1.9943097 ]
[2026-08-31 14:20:54,837] [lib.aruco_lib] [INFO] Calculated Landing Pad NED: N=1.49, E=1.88
[2026-08-31 14:20:54,925] [lib.aruco_lib] [INFO] Detected ArUCO 102 with offset (np.float64(0.004720842675729982), np.float64(-0.3589168563360476), np.float64(1.9878686169711772)).
[2026-08-31 14:20:54,934] [lib.aruco_lib] [INFO] Landing ArUco (102) detected at camera offset: [ 0.00472084 -0.35891686  1.98786862]
[2026-08-31 14:20:54,934] [lib.aruco_lib] [INFO] Calculated Landing Pad NED: N=1.52, E=1.78
[2026-08-31 14:20:55,030] [lib.aruco_lib] [INFO] Detected ArUCO 102 with offset (np.float64(-0.06790031668019653), np.float64(-0.3832009886158106), np.float64(1.9604564402244715)).
[2026-08-31 14:20:55,038] [lib.aruco_lib] [INFO] Landing ArUco (102) detected at camera offset: [-0.06790032 -0.38320099  1.96045644]
[2026-08-31 14:20:55,038] [lib.aruco_lib] [INFO] Calculated Landing Pad NED: N=1.54, E=1.71
[2026-08-31 14:20:55,134] [lib.aruco_lib] [INFO] Detected ArUCO 102 with offset (np.float64(-0.09411174386767716), np.float64(-0.38971149549460926), np.float64(1.9422439924022636)).
[2026-08-31 14:20:55,142] [lib.aruco_lib] [INFO] Landing ArUco (102) detected at camera offset: [-0.09411174 -0.3897115   1.94224399]
[2026-08-31 14:20:55,142] [lib.aruco_lib] [INFO] Calculated Landing Pad NED: N=1.55, E=1.68
[2026-08-31 14:20:55,220] [lib.aruco_lib] [INFO] Detected ArUCO 102 with offset (np.float64(-0.06807415691292185), np.float64(-0.3806332861450413), np.float64(1.9351887209996612)).
[2026-08-31 14:20:55,227] [lib.aruco_lib] [INFO] Landing ArUco (102) detected at camera offset: [-0.06807416 -0.38063329  1.93518872]
[2026-08-31 14:20:55,227] [lib.aruco_lib] [INFO] Calculated Landing Pad NED: N=1.54, E=1.71
[2026-08-31 14:20:55,315] [lib.aruco_lib] [INFO] Detected ArUCO 102 with offset (np.float64(0.03830787891997912), np.float64(-0.3582321666075282), np.float64(1.9330808224066467)).
[2026-08-31 14:20:55,323] [lib.aruco_lib] [INFO] Landing ArUco (102) detected at camera offset: [ 0.03830788 -0.35823217  1.93308082]
[2026-08-31 14:20:55,323] [lib.aruco_lib] [INFO] Calculated Landing Pad NED: N=1.52, E=1.82
[2026-08-31 14:20:55,429] [lib.aruco_lib] [INFO] Detected ArUCO 102 with offset (np.float64(0.23176564622634893), np.float64(-0.3210268623295452), np.float64(1.9699122687981403)).
[2026-08-31 14:20:55,437] [lib.aruco_lib] [INFO] Landing ArUco (102) detected at camera offset: [ 0.23176565 -0.32102686  1.96991227]
[2026-08-31 14:20:55,437] [lib.aruco_lib] [INFO] Calculated Landing Pad NED: N=1.48, E=2.00
[2026-08-31 14:20:55,578] [lib.aruco_lib] [INFO] Detected ArUCO 102 with offset (np.float64(0.48591261999273183), np.float64(-0.2568071882237743), np.float64(1.970131058700109)).
[2026-08-31 14:20:55,586] [lib.aruco_lib] [INFO] Landing ArUco (102) detected at camera offset: [ 0.48591262 -0.25680719  1.97013106]
[2026-08-31 14:20:55,586] [lib.aruco_lib] [INFO] Calculated Landing Pad NED: N=1.42, E=2.26
[2026-08-31 14:20:55,677] [lib.aruco_lib] [INFO] Detected ArUCO 102 with offset (np.float64(0.8711036015472075), np.float64(-0.20154408730584739), np.float64(2.2034750434540102)).
[2026-08-31 14:20:55,683] [lib.aruco_lib] [INFO] Landing ArUco (102) detected at camera offset: [ 0.8711036  -0.20154409  2.20347504]
[2026-08-31 14:20:55,684] [lib.aruco_lib] [INFO] Calculated Landing Pad NED: N=1.36, E=2.64
[2026-08-31 14:20:55,762] [lib.aruco_lib] [INFO] Detected ArUCO 102 with offset (np.float64(1.2434106091314758), np.float64(-0.11517887880036087), np.float64(2.1798932586155413)).
[2026-08-31 14:20:55,769] [lib.aruco_lib] [INFO] Landing ArUco (102) detected at camera offset: [ 1.24341061 -0.11517888  2.17989326]
[2026-08-31 14:20:55,769] [lib.aruco_lib] [INFO] Calculated Landing Pad NED: N=1.28, E=3.01
[2026-08-31 14:20:57,711] [lib.aruco_lib] [INFO] Reached search waypoint 0
[2026-08-31 14:21:07,822] [lib.aruco_lib] [INFO] Detected ArUCO 102 with offset (np.float64(0.9854407698492471), np.float64(0.5432788854753262), np.float64(1.8527748160582127)).
[2026-08-31 14:21:07,831] [lib.aruco_lib] [INFO] Landing ArUco (102) detected at camera offset: [0.98544077 0.54327889 1.85277482]
[2026-08-31 14:21:07,831] [lib.aruco_lib] [INFO] Calculated Landing Pad NED: N=1.47, E=2.17
[2026-08-31 14:21:08,124] [lib.aruco_lib] [INFO] Detected ArUCO 102 with offset (np.float64(0.8387085941767984), np.float64(0.5445102899521279), np.float64(1.8764367632997077)).
[2026-08-31 14:21:08,136] [lib.aruco_lib] [INFO] Landing ArUco (102) detected at camera offset: [0.83870859 0.54451029 1.87643676]
[2026-08-31 14:21:08,136] [lib.aruco_lib] [INFO] Calculated Landing Pad NED: N=1.47, E=2.15
[2026-08-31 14:21:08,477] [lib.aruco_lib] [INFO] Detected ArUCO 102 with offset (np.float64(0.8058641536585441), np.float64(0.592589921711586), np.float64(2.0490225263375765)).
[2026-08-31 14:21:08,484] [lib.aruco_lib] [INFO] Landing ArUco (102) detected at camera offset: [0.80586415 0.59258992 2.04902253]
[2026-08-31 14:21:08,485] [lib.aruco_lib] [INFO] Calculated Landing Pad NED: N=1.42, E=2.23
[2026-08-31 14:21:08,863] [lib.aruco_lib] [INFO] Detected ArUCO 102 with offset (np.float64(0.5980531951193384), np.float64(0.5362766307903601), np.float64(1.8632439811381367)).
[2026-08-31 14:21:08,874] [lib.aruco_lib] [INFO] Landing ArUco (102) detected at camera offset: [0.5980532  0.53627663 1.86324398]
[2026-08-31 14:21:08,874] [lib.aruco_lib] [INFO] Calculated Landing Pad NED: N=1.48, E=2.15
[2026-08-31 14:21:09,159] [lib.aruco_lib] [INFO] Detected ArUCO 102 with offset (np.float64(0.45166109523412), np.float64(0.5307156802862819), np.float64(1.8571904850180871)).
[2026-08-31 14:21:09,185] [lib.aruco_lib] [INFO] Landing ArUco (102) detected at camera offset: [0.4516611  0.53071568 1.85719049]
[2026-08-31 14:21:09,187] [lib.aruco_lib] [INFO] Calculated Landing Pad NED: N=1.47, E=2.11
[2026-08-31 14:21:09,477] [lib.aruco_lib] [INFO] Detected ArUCO 102 with offset (np.float64(0.3514746494131141), np.float64(0.5211896548973968), np.float64(1.8491161286133202)).
[2026-08-31 14:21:09,483] [lib.aruco_lib] [INFO] Landing ArUco (102) detected at camera offset: [0.35147465 0.52118965 1.84911613]
[2026-08-31 14:21:09,483] [lib.aruco_lib] [INFO] Calculated Landing Pad NED: N=1.48, E=2.14
[2026-08-31 14:21:09,808] [lib.aruco_lib] [INFO] Detected ArUCO 102 with offset (np.float64(0.18633963936760525), np.float64(0.5188088645830029), np.float64(1.843762888667857)).
[2026-08-31 14:21:09,833] [lib.aruco_lib] [INFO] Landing ArUco (102) detected at camera offset: [0.18633964 0.51880886 1.84376289]
[2026-08-31 14:21:09,833] [lib.aruco_lib] [INFO] Calculated Landing Pad NED: N=1.48, E=2.06
[2026-08-31 14:21:10,117] [lib.aruco_lib] [INFO] Detected ArUCO 102 with offset (np.float64(0.10121214599374066), np.float64(0.5234136211648927), np.float64(1.860455804758471)).
[2026-08-31 14:21:10,125] [lib.aruco_lib] [INFO] Landing ArUco (102) detected at camera offset: [0.10121215 0.52341362 1.8604558 ]
[2026-08-31 14:21:10,125] [lib.aruco_lib] [INFO] Calculated Landing Pad NED: N=1.48, E=2.04
[2026-08-31 14:21:10,127] [lib.aruco_lib] [INFO] Reached search waypoint 1
[2026-08-31 14:21:10,466] [lib.aruco_lib] [INFO] Detected ArUCO 102 with offset (np.float64(0.0729600142120959), np.float64(0.5477528401453989), np.float64(1.8502028517303)).
[2026-08-31 14:21:10,476] [lib.aruco_lib] [INFO] Landing ArUco (102) detected at camera offset: [0.07296001 0.54775284 1.85020285]
[2026-08-31 14:21:10,476] [lib.aruco_lib] [INFO] Calculated Landing Pad NED: N=1.43, E=2.06
[2026-08-31 14:21:10,732] [lib.aruco_lib] [INFO] Detected ArUCO 102 with offset (np.float64(0.03740523537367304), np.float64(0.6461169216726199), np.float64(1.8026360315681145)).
[2026-08-31 14:21:10,740] [lib.aruco_lib] [INFO] Landing ArUco (102) detected at camera offset: [0.03740524 0.64611692 1.80263603]
[2026-08-31 14:21:10,740] [lib.aruco_lib] [INFO] Calculated Landing Pad NED: N=1.30, E=2.04
[2026-08-31 14:21:11,103] [lib.aruco_lib] [INFO] Detected ArUCO 102 with offset (np.float64(0.07292024561434059), np.float64(0.5633217006570662), np.float64(1.8098568108470492)).
[2026-08-31 14:21:11,115] [lib.aruco_lib] [INFO] Landing ArUco (102) detected at camera offset: [0.07292025 0.5633217  1.80985681]
[2026-08-31 14:21:11,115] [lib.aruco_lib] [INFO] Calculated Landing Pad NED: N=1.32, E=2.08
[2026-08-31 14:21:11,515] [lib.aruco_lib] [INFO] Detected ArUCO 102 with offset (np.float64(0.07879469614023431), np.float64(0.3814166345642898), np.float64(1.820431247066499)).
[2026-08-31 14:21:11,524] [lib.aruco_lib] [INFO] Landing ArUco (102) detected at camera offset: [0.0787947  0.38141663 1.82043125]
[2026-08-31 14:21:11,524] [lib.aruco_lib] [INFO] Calculated Landing Pad NED: N=1.39, E=2.10
[2026-08-31 14:21:11,784] [lib.aruco_lib] [INFO] Detected ArUCO 102 with offset (np.float64(0.0864333122940121), np.float64(0.2647025643003797), np.float64(1.8259839553957102)).
[2026-08-31 14:21:11,790] [lib.aruco_lib] [INFO] Landing ArUco (102) detected at camera offset: [0.08643331 0.26470256 1.82598396]
[2026-08-31 14:21:11,791] [lib.aruco_lib] [INFO] Calculated Landing Pad NED: N=1.38, E=2.11
[2026-08-31 14:21:12,129] [lib.aruco_lib] [INFO] Detected ArUCO 102 with offset (np.float64(0.09909313282911332), np.float64(0.09433019505717126), np.float64(1.8220294559052586)).
[2026-08-31 14:21:12,141] [lib.aruco_lib] [INFO] Landing ArUco (102) detected at camera offset: [0.09909313 0.0943302  1.82202946]
[2026-08-31 14:21:12,141] [lib.aruco_lib] [INFO] Calculated Landing Pad NED: N=1.44, E=2.12
[2026-08-31 14:21:12,442] [lib.aruco_lib] [INFO] Detected ArUCO 102 with offset (np.float64(0.08165165381036067), np.float64(-0.01182911564957968), np.float64(1.821743383185959)).
[2026-08-31 14:21:12,451] [lib.aruco_lib] [INFO] Landing ArUco (102) detected at camera offset: [ 0.08165165 -0.01182912  1.82174338]
[2026-08-31 14:21:12,451] [lib.aruco_lib] [INFO] Calculated Landing Pad NED: N=1.43, E=2.11
[2026-08-31 14:21:12,721] [lib.aruco_lib] [INFO] Detected ArUCO 102 with offset (np.float64(0.10051204045417202), np.float64(-0.16214137142171142), np.float64(1.8254442625310425)).
[2026-08-31 14:21:12,730] [lib.aruco_lib] [INFO] Landing ArUco (102) detected at camera offset: [ 0.10051204 -0.16214137  1.82544426]
[2026-08-31 14:21:12,730] [lib.aruco_lib] [INFO] Calculated Landing Pad NED: N=1.44, E=2.12
[2026-08-31 14:21:13,072] [lib.aruco_lib] [INFO] Detected ArUCO 102 with offset (np.float64(0.07798135763720138), np.float64(-0.25898587618124974), np.float64(1.8275886053306938)).
[2026-08-31 14:21:13,080] [lib.aruco_lib] [INFO] Landing ArUco (102) detected at camera offset: [ 0.07798136 -0.25898588  1.82758861]
[2026-08-31 14:21:13,080] [lib.aruco_lib] [INFO] Calculated Landing Pad NED: N=1.42, E=2.10
[2026-08-31 14:21:13,370] [lib.aruco_lib] [INFO] Detected ArUCO 102 with offset (np.float64(0.08364526643677202), np.float64(-0.3996569347490005), np.float64(1.8352122281293983)).
[2026-08-31 14:21:13,387] [lib.aruco_lib] [INFO] Landing ArUco (102) detected at camera offset: [ 0.08364527 -0.39965693  1.83521223]
[2026-08-31 14:21:13,387] [lib.aruco_lib] [INFO] Calculated Landing Pad NED: N=1.43, E=2.12
[2026-08-31 14:21:13,687] [lib.aruco_lib] [INFO] Detected ArUCO 102 with offset (np.float64(0.07662821797584705), np.float64(-0.4896690194866828), np.float64(1.8408503389867974)).
[2026-08-31 14:21:13,695] [lib.aruco_lib] [INFO] Landing ArUco (102) detected at camera offset: [ 0.07662822 -0.48966902  1.84085034]
[2026-08-31 14:21:13,695] [lib.aruco_lib] [INFO] Calculated Landing Pad NED: N=1.41, E=2.11
[2026-08-31 14:21:13,946] [lib.aruco_lib] [INFO] Detected ArUCO 102 with offset (np.float64(0.06717312114496295), np.float64(-0.6334556908645225), np.float64(1.8691697182620135)).
[2026-08-31 14:21:13,952] [lib.aruco_lib] [INFO] Landing ArUco (102) detected at camera offset: [ 0.06717312 -0.63345569  1.86916972]
[2026-08-31 14:21:13,952] [lib.aruco_lib] [INFO] Calculated Landing Pad NED: N=1.43, E=2.10
[2026-08-31 14:21:20,763] [lib.aruco_lib] [INFO] Reached search waypoint 2
[2026-08-31 14:21:30,851] [lib.aruco_lib] [INFO] Reached search waypoint 3
[2026-08-31 14:21:31,189] [lib.aruco_lib] [INFO] Reached search waypoint 3
[2026-08-31 14:21:31,190] [lib.aruco_lib] [INFO] Centering over landing target: (1.44, 2.11)
[2026-08-31 14:21:34,228] [lib.aruco_lib] [WARNING] Target lost during alignment!
[2026-08-31 14:21:34,319] [lib.aruco_lib] [INFO] Reached search waypoint 3
[2026-08-31 14:21:34,321] [lib.aruco_lib] [INFO] Centering over landing target: (1.44, 2.11)
[2026-08-31 14:21:37,350] [lib.aruco_lib] [INFO] Detected ArUCO 101 with offset (np.float64(0.49141940792056565), np.float64(-0.5557857664987554), np.float64(1.85662682558529)).
[2026-08-31 14:21:37,351] [lib.aruco_lib] [WARNING] Target lost during alignment!
[2026-08-31 14:21:37,363] [lib.aruco_lib] [INFO] Detected ArUCO 101 with offset (np.float64(0.4493804086796955), np.float64(-0.5291648833740145), np.float64(1.8681063407859384)).
[2026-08-31 14:21:37,372] [lib.aruco_lib] [INFO] Home ArUco (101) detected at camera offset: [ 0.44938041 -0.52916488  1.86810634]
[2026-08-31 14:21:37,373] [lib.aruco_lib] [INFO] Reached search waypoint 3
[2026-08-31 14:21:37,373] [lib.aruco_lib] [INFO] Centering over landing target: (1.44, 2.11)
[2026-08-31 14:21:40,417] [lib.aruco_lib] [INFO] Detected ArUCO 101 with offset (np.float64(-0.5256580593642571), np.float64(0.2566135594554726), np.float64(1.852806262440169)).
[2026-08-31 14:21:40,431] [lib.aruco_lib] [WARNING] Target lost during alignment!
[2026-08-31 14:21:40,460] [lib.aruco_lib] [INFO] Detected ArUCO 101 with offset (np.float64(-0.5749585501125078), np.float64(0.28966409448036373), np.float64(1.8528833062909524)).
[2026-08-31 14:21:40,473] [lib.aruco_lib] [INFO] Home ArUco (101) detected at camera offset: [-0.57495855  0.28966409  1.85288331]
[2026-08-31 14:21:40,473] [lib.aruco_lib] [INFO] Reached search waypoint 3
[2026-08-31 14:21:40,474] [lib.aruco_lib] [INFO] Centering over landing target: (1.44, 2.11)
[2026-08-31 14:21:43,521] [lib.aruco_lib] [INFO] Detected ArUCO 102 with offset (np.float64(0.6155024044192844), np.float64(-0.5245266885366282), np.float64(1.8728530809614135)).
[2026-08-31 14:21:43,522] [lib.aruco_lib] [INFO] Aligning complete. Distance: 0.8086850170697619m
[2026-08-31 14:21:43,553] [lib.aruco_lib] [INFO] Detected ArUCO 102 with offset (np.float64(0.5828364141062531), np.float64(-0.49118565013243787), np.float64(1.8635992369981271)).
[2026-08-31 14:21:43,568] [lib.aruco_lib] [INFO] Landing ArUco (102) detected at camera offset: [ 0.58283641 -0.49118565  1.86359924]
[2026-08-31 14:21:43,568] [lib.aruco_lib] [INFO] Calculated Landing Pad NED: N=-1.35, E=-1.28
[2026-08-31 14:21:43,571] [lib.aruco_lib] [INFO] Centering over landing target: (1.44, 2.11)
[2026-08-31 14:21:46,602] [lib.aruco_lib] [INFO] Detected ArUCO 102 with offset (np.float64(-0.04768619383394615), np.float64(0.020466123536960312), np.float64(1.820487111402279)).
[2026-08-31 14:21:46,605] [lib.aruco_lib] [INFO] Aligning complete. Distance: 0.051892536023967886m
[2026-08-31 14:21:46,605] [lib.aruco_lib] [INFO] Approach finalised, landing...
[2026-08-31 14:21:46,608] [lib.drone_lib] [INFO] [MAV] Switching to LAND mode – PLND active.
[2026-08-31 14:21:46,610] [lib.drone_lib] [INFO] Telemetry Status: Armed=True, Estimated Alt=2.00m
[2026-08-31 14:21:47,619] [lib.drone_lib] [INFO] Telemetry Status: Armed=True, Estimated Alt=2.00m
[2026-08-31 14:21:48,625] [lib.drone_lib] [INFO] Telemetry Status: Armed=False, Estimated Alt=2.00m
[2026-08-31 14:21:48,625] [lib.status] [INFO] Checkpoint file cleared.
[2026-08-31 14:35:08,827] [lib.drone_lib] [INFO] [MAV] Connecting to tcp:localhost:5762 ...
[2026-08-31 14:35:08,858] [lib.drone_lib] [INFO] [MAV] Heartbeat from system 1, component 0
[2026-08-31 14:35:08,858] [lib.drone_lib] [INFO] [MAV] Telemetry streams requested @ 4.0 Hz. Waiting for GLOBAL_POSITION_INT ...
[2026-08-31 14:35:08,859] [lib.drone_lib] [INFO] [MAV] Position streaming OK. Alt=0.0 m
[2026-08-31 14:35:09,687] [lib.aruco_lib] [INFO] ==========================================
[2026-08-31 14:35:09,687] [lib.aruco_lib] [INFO]        ERC DRONE MISSION BOOTLOADER       
[2026-08-31 14:35:09,687] [lib.aruco_lib] [INFO] ==========================================
[2026-08-31 14:35:09,687] [lib.status] [INFO] No checkpoint found. Initializing fresh state.
[2026-08-31 14:35:09,688] [lib.drone_lib] [INFO] Telemetry Status: Armed=False, Estimated Alt=0.20m
[2026-08-31 14:35:09,688] [lib.aruco_lib] [INFO] Drone is grounded. Normal startup sequence.
[2026-08-31 14:35:09,688] [lib.aruco_lib] [INFO] Ready for launch. Waiting for launch signal...
[2026-08-31 14:35:09,688] [lib.aruco_lib] [INFO] --- Starting Mission ---
[2026-08-31 14:35:09,688] [lib.drone_lib] [INFO] [MAV] Switching to GUIDED ...
[2026-08-31 14:35:10,688] [lib.drone_lib] [INFO] [MAV] Arming ...
[2026-08-31 14:35:10,987] [lib.drone_lib] [INFO] [MAV] Armed.
[2026-08-31 14:35:10,987] [lib.drone_lib] [INFO] [MAV] Taking off to 2.0 m ...
[2026-08-31 14:35:16,948] [lib.drone_lib] [INFO] [MAV] Reached 1.9 m.
[2026-08-31 14:35:21,976] [lib.aruco_lib] [INFO] Detected ArUCO 102 with offset (np.float64(-0.024228764433699534), np.float64(0.0001827400682191604), np.float64(2.0027125967579136)).
[2026-08-31 14:35:21,989] [lib.aruco_lib] [INFO] Landing ArUco (102) detected at camera offset: [-2.42287644e-02  1.82740068e-04  2.00271260e+00]
[2026-08-31 14:35:21,990] [lib.aruco_lib] [INFO] Calculated Landing Pad NED: N=1.48, E=2.12
[2026-08-31 14:35:21,993] [lib.aruco_lib] [INFO] Moving to first waypoint
[2026-08-31 14:35:22,028] [lib.aruco_lib] [INFO] Detected ArUCO 102 with offset (np.float64(-0.03968544235814871), np.float64(0.00017708967178559217), np.float64(2.0029162625281764)).
[2026-08-31 14:35:22,037] [lib.aruco_lib] [INFO] Landing ArUco (102) detected at camera offset: [-3.96854424e-02  1.77089672e-04  2.00291626e+00]
[2026-08-31 14:35:22,037] [lib.aruco_lib] [INFO] Calculated Landing Pad NED: N=1.47, E=2.10
[2026-08-31 14:35:22,125] [lib.aruco_lib] [INFO] Detected ArUCO 102 with offset (np.float64(-0.0575315212954905), np.float64(-0.0008315081740314572), np.float64(2.0046467506770003)).
[2026-08-31 14:35:22,134] [lib.aruco_lib] [INFO] Landing ArUco (102) detected at camera offset: [-5.75315213e-02 -8.31508174e-04  2.00464675e+00]
[2026-08-31 14:35:22,134] [lib.aruco_lib] [INFO] Calculated Landing Pad NED: N=1.47, E=2.08
[2026-08-31 14:35:22,232] [lib.aruco_lib] [INFO] Detected ArUCO 102 with offset (np.float64(-0.10020830118783543), np.float64(-0.007323420151937267), np.float64(1.9993342800470428)).
[2026-08-31 14:35:22,241] [lib.aruco_lib] [INFO] Landing ArUco (102) detected at camera offset: [-0.1002083  -0.00732342  1.99933428]
[2026-08-31 14:35:22,242] [lib.aruco_lib] [INFO] Calculated Landing Pad NED: N=1.48, E=2.04
[2026-08-31 14:35:22,345] [lib.aruco_lib] [INFO] Detected ArUCO 102 with offset (np.float64(-0.18241805282551507), np.float64(-0.021647645062243003), np.float64(1.984371529799529)).
[2026-08-31 14:35:22,354] [lib.aruco_lib] [INFO] Landing ArUco (102) detected at camera offset: [-0.18241805 -0.02164765  1.98437153]
[2026-08-31 14:35:22,354] [lib.aruco_lib] [INFO] Calculated Landing Pad NED: N=1.49, E=1.96
[2026-08-31 14:35:22,455] [lib.aruco_lib] [INFO] Detected ArUCO 102 with offset (np.float64(-0.3010975253143478), np.float64(-0.03823753630633373), np.float64(1.9525099256619682)).
[2026-08-31 14:35:22,468] [lib.aruco_lib] [INFO] Landing ArUco (102) detected at camera offset: [-0.30109753 -0.03823754  1.95250993]
[2026-08-31 14:35:22,469] [lib.aruco_lib] [INFO] Calculated Landing Pad NED: N=1.50, E=1.86
[2026-08-31 14:35:22,591] [lib.aruco_lib] [INFO] Detected ArUCO 102 with offset (np.float64(-0.4157096887258209), np.float64(-0.05436338273125432), np.float64(1.9097218654974748)).
[2026-08-31 14:35:22,600] [lib.aruco_lib] [INFO] Landing ArUco (102) detected at camera offset: [-0.41570969 -0.05436338  1.90972187]
[2026-08-31 14:35:22,600] [lib.aruco_lib] [INFO] Calculated Landing Pad NED: N=1.52, E=1.74
[2026-08-31 14:35:22,700] [lib.aruco_lib] [INFO] Detected ArUCO 102 with offset (np.float64(-0.4737518961259064), np.float64(-0.06677016710558667), np.float64(1.8674677770630996)).
[2026-08-31 14:35:22,706] [lib.aruco_lib] [INFO] Landing ArUco (102) detected at camera offset: [-0.4737519  -0.06677017  1.86746778]
[2026-08-31 14:35:22,706] [lib.aruco_lib] [INFO] Calculated Landing Pad NED: N=1.53, E=1.70
[2026-08-31 14:35:22,797] [lib.aruco_lib] [INFO] Detected ArUCO 102 with offset (np.float64(-0.4639683257556141), np.float64(-0.06660290813276423), np.float64(1.8356754566152163)).
[2026-08-31 14:35:22,804] [lib.aruco_lib] [INFO] Landing ArUco (102) detected at camera offset: [-0.46396833 -0.06660291  1.83567546]
[2026-08-31 14:35:22,804] [lib.aruco_lib] [INFO] Calculated Landing Pad NED: N=1.53, E=1.70
[2026-08-31 14:35:22,891] [lib.aruco_lib] [INFO] Detected ArUCO 102 with offset (np.float64(-0.41133052821389227), np.float64(-0.058340619996306284), np.float64(1.825389449838713)).
[2026-08-31 14:35:22,899] [lib.aruco_lib] [INFO] Landing ArUco (102) detected at camera offset: [-0.41133053 -0.05834062  1.82538945]
[2026-08-31 14:35:22,899] [lib.aruco_lib] [INFO] Calculated Landing Pad NED: N=1.52, E=1.76
[2026-08-31 14:35:23,011] [lib.aruco_lib] [INFO] Detected ArUCO 102 with offset (np.float64(-0.29850864645495123), np.float64(-0.04232645857309511), np.float64(1.8178326187553062)).
[2026-08-31 14:35:23,019] [lib.aruco_lib] [INFO] Landing ArUco (102) detected at camera offset: [-0.29850865 -0.04232646  1.81783262]
[2026-08-31 14:35:23,019] [lib.aruco_lib] [INFO] Calculated Landing Pad NED: N=1.51, E=1.87
[2026-08-31 14:35:23,132] [lib.aruco_lib] [INFO] Detected ArUCO 102 with offset (np.float64(-0.12878934897757363), np.float64(-0.017729419600027767), np.float64(1.8493065570774072)).
[2026-08-31 14:35:23,143] [lib.aruco_lib] [INFO] Landing ArUco (102) detected at camera offset: [-0.12878935 -0.01772942  1.84930656]
[2026-08-31 14:35:23,144] [lib.aruco_lib] [INFO] Calculated Landing Pad NED: N=1.49, E=2.04
[2026-08-31 14:35:23,258] [lib.aruco_lib] [INFO] Detected ArUCO 102 with offset (np.float64(0.07990140019743219), np.float64(0.016931625498676668), np.float64(1.9012141261270998)).
[2026-08-31 14:35:23,265] [lib.aruco_lib] [INFO] Landing ArUco (102) detected at camera offset: [0.0799014  0.01693163 1.90121413]
[2026-08-31 14:35:23,265] [lib.aruco_lib] [INFO] Calculated Landing Pad NED: N=1.45, E=2.25
[2026-08-31 14:35:23,361] [lib.aruco_lib] [INFO] Detected ArUCO 102 with offset (np.float64(0.31321344759742087), np.float64(0.051258330597496425), np.float64(1.9492590892995858)).
[2026-08-31 14:35:23,368] [lib.aruco_lib] [INFO] Landing ArUco (102) detected at camera offset: [0.31321345 0.05125833 1.94925909]
[2026-08-31 14:35:23,368] [lib.aruco_lib] [INFO] Calculated Landing Pad NED: N=1.42, E=2.48
[2026-08-31 14:35:23,461] [lib.aruco_lib] [INFO] Detected ArUCO 102 with offset (np.float64(0.6772564566079562), np.float64(0.10784364726603891), np.float64(2.188814269534407)).
[2026-08-31 14:35:23,469] [lib.aruco_lib] [INFO] Landing ArUco (102) detected at camera offset: [0.67725646 0.10784365 2.18881427]
[2026-08-31 14:35:23,469] [lib.aruco_lib] [INFO] Calculated Landing Pad NED: N=1.37, E=2.85
[2026-08-31 14:35:23,578] [lib.aruco_lib] [INFO] Detected ArUCO 102 with offset (np.float64(0.9866755953433218), np.float64(0.15183793337733864), np.float64(2.013689804606466)).
[2026-08-31 14:35:23,589] [lib.aruco_lib] [INFO] Landing ArUco (102) detected at camera offset: [0.9866756  0.15183793 2.0136898 ]
[2026-08-31 14:35:23,590] [lib.aruco_lib] [INFO] Calculated Landing Pad NED: N=1.33, E=3.15
[2026-08-31 14:35:25,039] [lib.aruco_lib] [INFO] Reached search waypoint 0
[2026-08-31 14:35:28,243] [lib.aruco_lib] [INFO] Detected ArUCO 102 with offset (np.float64(1.2339336739187918), np.float64(0.677518162149634), np.float64(2.1786685360794937)).
[2026-08-31 14:35:28,263] [lib.aruco_lib] [INFO] Landing ArUco (102) detected at camera offset: [1.23393367 0.67751816 2.17866854]
[2026-08-31 14:35:28,263] [lib.aruco_lib] [INFO] Calculated Landing Pad NED: N=1.39, E=2.49
[2026-08-31 14:35:28,560] [lib.aruco_lib] [INFO] Detected ArUCO 102 with offset (np.float64(0.11511102159227508), np.float64(0.5730752601138401), np.float64(1.92047289447422)).
[2026-08-31 14:35:28,568] [lib.aruco_lib] [INFO] Landing ArUco (102) detected at camera offset: [0.11511102 0.57307526 1.92047289]
[2026-08-31 14:35:28,568] [lib.aruco_lib] [INFO] Calculated Landing Pad NED: N=1.46, E=2.09
[2026-08-31 14:35:28,569] [lib.aruco_lib] [INFO] Reached search waypoint 1
[2026-08-31 14:36:13,210] [lib.drone_lib] [INFO] [MAV] Connecting to tcp:localhost:5762 ...
[2026-08-31 14:36:13,240] [lib.drone_lib] [INFO] [MAV] Heartbeat from system 1, component 0
[2026-08-31 14:36:13,242] [lib.drone_lib] [INFO] [MAV] Telemetry streams requested @ 4.0 Hz. Waiting for GLOBAL_POSITION_INT ...
[2026-08-31 14:36:13,243] [lib.drone_lib] [INFO] [MAV] Position streaming OK. Alt=1.8 m
[2026-08-31 14:36:14,384] [lib.aruco_lib] [INFO] ==========================================
[2026-08-31 14:36:14,385] [lib.aruco_lib] [INFO]        ERC DRONE MISSION BOOTLOADER       
[2026-08-31 14:36:14,385] [lib.aruco_lib] [INFO] ==========================================
[2026-08-31 14:36:14,385] [lib.status] [INFO] Checkpoint loaded: Phase=SEARCHING, SearchWP=2
[2026-08-31 14:36:14,386] [lib.drone_lib] [INFO] Telemetry Status: Armed=False, Estimated Alt=1.99m
[2026-08-31 14:36:14,386] [lib.aruco_lib] [INFO] Drone is grounded. Normal startup sequence.
[2026-08-31 14:36:43,733] [lib.drone_lib] [INFO] [MAV] Connecting to tcp:localhost:5762 ...
[2026-08-31 14:36:43,758] [lib.drone_lib] [INFO] [MAV] Heartbeat from system 1, component 0
[2026-08-31 14:36:43,758] [lib.drone_lib] [INFO] [MAV] Telemetry streams requested @ 4.0 Hz. Waiting for GLOBAL_POSITION_INT ...
[2026-08-31 14:36:43,759] [lib.drone_lib] [INFO] [MAV] Position streaming OK. Alt=1.8 m
[2026-08-31 14:36:43,907] [lib.aruco_lib] [INFO] ==========================================
[2026-08-31 14:36:43,908] [lib.aruco_lib] [INFO]        ERC DRONE MISSION BOOTLOADER       
[2026-08-31 14:36:43,908] [lib.aruco_lib] [INFO] ==========================================
[2026-08-31 14:36:43,908] [lib.status] [INFO] Checkpoint loaded: Phase=SEARCHING, SearchWP=2
[2026-08-31 14:36:44,380] [lib.drone_lib] [INFO] Telemetry Status: Armed=False, Estimated Alt=1.99m
[2026-08-31 14:36:44,380] [lib.aruco_lib] [INFO] Drone is grounded. Normal startup sequence.
[2026-08-31 14:47:38,494] [lib.drone_lib] [INFO] [MAV] Connecting to tcp:localhost:5762 ...
[2026-08-31 14:47:38,513] [lib.drone_lib] [INFO] [MAV] Heartbeat from system 1, component 0
[2026-08-31 14:47:38,513] [lib.drone_lib] [INFO] [MAV] Telemetry streams requested @ 4.0 Hz. Waiting for GLOBAL_POSITION_INT ...
[2026-08-31 14:47:38,764] [lib.drone_lib] [INFO] [MAV] Position streaming OK. Alt=0.0 m
[2026-08-31 14:47:39,029] [lib.aruco_lib] [INFO] ==========================================
[2026-08-31 14:47:39,029] [lib.aruco_lib] [INFO]        ERC DRONE MISSION BOOTLOADER       
[2026-08-31 14:47:39,029] [lib.aruco_lib] [INFO] ==========================================
[2026-08-31 14:47:39,029] [lib.status] [INFO] Checkpoint loaded: Phase=SEARCHING, SearchWP=2
[2026-08-31 14:47:39,284] [lib.drone_lib] [INFO] Telemetry Status: Armed=False, Estimated Alt=0.19m
[2026-08-31 14:47:39,284] [lib.aruco_lib] [INFO] Drone is grounded. Normal startup sequence.
[2026-08-31 14:49:10,264] [lib.drone_lib] [INFO] [MAV] Connecting to tcp:localhost:5762 ...
[2026-08-31 14:49:10,274] [lib.drone_lib] [INFO] [MAV] Heartbeat from system 1, component 0
[2026-08-31 14:49:10,274] [lib.drone_lib] [INFO] [MAV] Telemetry streams requested @ 4.0 Hz. Waiting for GLOBAL_POSITION_INT ...
[2026-08-31 14:49:10,274] [lib.drone_lib] [INFO] [MAV] Position streaming OK. Alt=0.0 m
[2026-08-31 14:49:10,688] [lib.aruco_lib] [INFO] ==========================================
[2026-08-31 14:49:10,689] [lib.aruco_lib] [INFO]        ERC DRONE MISSION BOOTLOADER       
[2026-08-31 14:49:10,689] [lib.aruco_lib] [INFO] ==========================================
[2026-08-31 14:49:10,689] [lib.status] [INFO] Checkpoint loaded: Phase=SEARCHING, SearchWP=2
[2026-08-31 14:49:10,689] [lib.drone_lib] [INFO] Telemetry Status: Armed=False, Estimated Alt=0.19m
[2026-08-31 14:49:10,689] [lib.aruco_lib] [INFO] Drone is grounded. Normal startup sequence.
[2026-08-31 14:49:46,492] [lib.drone_lib] [INFO] [MAV] Connecting to tcp:localhost:5762 ...
[2026-08-31 14:49:46,503] [lib.drone_lib] [INFO] [MAV] Heartbeat from system 1, component 0
[2026-08-31 14:49:46,504] [lib.drone_lib] [INFO] [MAV] Telemetry streams requested @ 4.0 Hz. Waiting for GLOBAL_POSITION_INT ...
[2026-08-31 14:49:46,504] [lib.drone_lib] [INFO] [MAV] Position streaming OK. Alt=0.0 m
[2026-08-31 14:49:47,027] [lib.aruco_lib] [INFO] ==========================================
[2026-08-31 14:49:47,027] [lib.aruco_lib] [INFO]        ERC DRONE MISSION BOOTLOADER       
[2026-08-31 14:49:47,027] [lib.aruco_lib] [INFO] ==========================================
[2026-08-31 14:49:47,027] [lib.status] [INFO] No checkpoint found. Initializing fresh state.
[2026-08-31 14:49:47,249] [lib.drone_lib] [INFO] Telemetry Status: Armed=False, Estimated Alt=0.19m
[2026-08-31 14:49:47,249] [lib.aruco_lib] [INFO] Drone is grounded. Normal startup sequence.
[2026-08-31 14:49:47,249] [lib.aruco_lib] [INFO] Ready for launch. Waiting for launch signal...
[2026-08-31 14:49:47,249] [lib.aruco_lib] [INFO] --- Starting Mission ---
[2026-08-31 14:49:47,249] [lib.drone_lib] [INFO] [MAV] Switching to GUIDED ...
[2026-08-31 14:49:48,254] [lib.drone_lib] [INFO] [MAV] Arming ...
[2026-08-31 14:49:48,512] [lib.drone_lib] [INFO] [MAV] Armed.
[2026-08-31 14:49:48,512] [lib.drone_lib] [INFO] [MAV] Taking off to 2.0 m ...
[2026-08-31 14:49:54,042] [lib.drone_lib] [INFO] [MAV] Reached 1.9 m.
[2026-08-31 14:49:59,055] [lib.aruco_lib] [INFO] Detected ArUCO 101 with offset (np.float64(0.12150122324998261), np.float64(0.049584206644201705), np.float64(2.005398546947727)).
[2026-08-31 14:49:59,058] [lib.aruco_lib] [INFO] Home ArUco (101) detected at camera offset: [0.12150122 0.04958421 2.00539855]
[2026-08-31 14:49:59,058] [lib.aruco_lib] [INFO] Moving to first waypoint
[2026-08-31 14:49:59,119] [lib.aruco_lib] [INFO] Detected ArUCO 101 with offset (np.float64(0.12138639497579869), np.float64(0.04947505256732652), np.float64(1.9933762436814515)).
[2026-08-31 14:49:59,122] [lib.aruco_lib] [INFO] Home ArUco (101) detected at camera offset: [0.12138639 0.04947505 1.99337624]
[2026-08-31 14:49:59,219] [lib.aruco_lib] [INFO] Detected ArUCO 101 with offset (np.float64(0.10287068345886927), np.float64(0.034328062865674705), np.float64(1.9973441717655112)).
[2026-08-31 14:49:59,222] [lib.aruco_lib] [INFO] Home ArUco (101) detected at camera offset: [0.10287068 0.03432806 1.99734417]
[2026-08-31 14:49:59,323] [lib.aruco_lib] [INFO] Detected ArUCO 101 with offset (np.float64(0.05031114355408127), np.float64(-0.017449346205389245), np.float64(1.9965536507145565)).
[2026-08-31 14:49:59,326] [lib.aruco_lib] [INFO] Home ArUco (101) detected at camera offset: [ 0.05031114 -0.01744935  1.99655365]
[2026-08-31 14:49:59,480] [lib.aruco_lib] [INFO] Detected ArUCO 101 with offset (np.float64(-0.022142391549944303), np.float64(-0.09448358539688924), np.float64(1.9738452299413187)).
[2026-08-31 14:49:59,482] [lib.aruco_lib] [INFO] Home ArUco (101) detected at camera offset: [-0.02214239 -0.09448359  1.97384523]
[2026-08-31 14:49:59,517] [lib.aruco_lib] [INFO] Detected ArUCO 101 with offset (np.float64(-0.09929098288889694), np.float64(-0.17360022191663899), np.float64(1.9519560445393784)).
[2026-08-31 14:49:59,520] [lib.aruco_lib] [INFO] Home ArUco (101) detected at camera offset: [-0.09929098 -0.17360022  1.95195604]
[2026-08-31 14:49:59,611] [lib.aruco_lib] [INFO] Detected ArUCO 101 with offset (np.float64(-0.16561811692026207), np.float64(-0.24598873863354945), np.float64(1.9175805833121382)).
[2026-08-31 14:49:59,614] [lib.aruco_lib] [INFO] Home ArUco (101) detected at camera offset: [-0.16561812 -0.24598874  1.91758058]
[2026-08-31 14:49:59,707] [lib.aruco_lib] [INFO] Detected ArUCO 101 with offset (np.float64(-0.20099559525661734), np.float64(-0.28493229110965507), np.float64(1.8856580666873688)).
[2026-08-31 14:49:59,710] [lib.aruco_lib] [INFO] Home ArUco (101) detected at camera offset: [-0.2009956  -0.28493229  1.88565807]
[2026-08-31 14:49:59,813] [lib.aruco_lib] [INFO] Detected ArUCO 101 with offset (np.float64(-0.17941697732154135), np.float64(-0.2666444770874318), np.float64(1.8651210723320981)).
[2026-08-31 14:49:59,816] [lib.aruco_lib] [INFO] Home ArUco (101) detected at camera offset: [-0.17941698 -0.26664448  1.86512107]
[2026-08-31 14:49:59,928] [lib.aruco_lib] [INFO] Detected ArUCO 101 with offset (np.float64(-0.11756297524612994), np.float64(-0.20036630748352988), np.float64(1.8604070686805576)).
[2026-08-31 14:49:59,930] [lib.aruco_lib] [INFO] Home ArUco (101) detected at camera offset: [-0.11756298 -0.20036631  1.86040707]
[2026-08-31 14:50:00,014] [lib.aruco_lib] [INFO] Detected ArUCO 101 with offset (np.float64(-0.018195131584272384), np.float64(-0.09595446284359327), np.float64(1.8674796049516476)).
[2026-08-31 14:50:00,017] [lib.aruco_lib] [INFO] Home ArUco (101) detected at camera offset: [-0.01819513 -0.09595446  1.8674796 ]
[2026-08-31 14:50:00,117] [lib.aruco_lib] [INFO] Detected ArUCO 101 with offset (np.float64(0.1350425861389652), np.float64(0.06010862848553566), np.float64(1.8948185627777396)).
[2026-08-31 14:50:00,120] [lib.aruco_lib] [INFO] Home ArUco (101) detected at camera offset: [0.13504259 0.06010863 1.89481856]
[2026-08-31 14:50:00,238] [lib.aruco_lib] [INFO] Detected ArUCO 101 with offset (np.float64(0.34428804319432665), np.float64(0.2727286982091282), np.float64(1.9408562900339552)).
[2026-08-31 14:50:00,241] [lib.aruco_lib] [INFO] Home ArUco (101) detected at camera offset: [0.34428804 0.2727287  1.94085629]
[2026-08-31 14:50:00,322] [lib.aruco_lib] [INFO] Detected ArUCO 101 with offset (np.float64(0.6492087280744082), np.float64(0.5793272311297548), np.float64(2.1480373526040792)).
[2026-08-31 14:50:00,325] [lib.aruco_lib] [INFO] Home ArUco (101) detected at camera offset: [0.64920873 0.57932723 2.14803735]
[2026-08-31 14:50:00,417] [lib.aruco_lib] [INFO] Detected ArUCO 101 with offset (np.float64(0.9328606837609087), np.float64(0.8740002217226466), np.float64(2.111645553707073)).
[2026-08-31 14:50:00,420] [lib.aruco_lib] [INFO] Home ArUco (101) detected at camera offset: [0.93286068 0.87400022 2.11164555]
[2026-08-31 14:52:07,862] [lib.drone_lib] [INFO] [MAV] Connecting to tcp:localhost:5762 ...
[2026-08-31 14:52:07,888] [lib.drone_lib] [INFO] [MAV] Heartbeat from system 1, component 0
[2026-08-31 14:52:07,889] [lib.drone_lib] [INFO] [MAV] Telemetry streams requested @ 4.0 Hz. Waiting for GLOBAL_POSITION_INT ...
[2026-08-31 14:52:07,889] [lib.drone_lib] [INFO] [MAV] Position streaming OK. Alt=1.7 m
[2026-08-31 14:52:08,141] [lib.aruco_lib] [INFO] ==========================================
[2026-08-31 14:52:08,142] [lib.aruco_lib] [INFO]        ERC DRONE MISSION BOOTLOADER       
[2026-08-31 14:52:08,142] [lib.aruco_lib] [INFO] ==========================================
[2026-08-31 14:52:08,142] [lib.status] [INFO] Checkpoint loaded: Phase=SEARCHING, SearchWP=0
[2026-08-31 14:52:08,145] [lib.drone_lib] [INFO] Telemetry Status: Armed=False, Estimated Alt=1.90m
[2026-08-31 14:52:08,145] [lib.aruco_lib] [INFO] Drone is grounded. Normal startup sequence.
[2026-08-31 14:53:17,921] [lib.drone_lib] [INFO] [MAV] Connecting to tcp:localhost:5762 ...
[2026-08-31 14:53:17,948] [lib.drone_lib] [INFO] [MAV] Heartbeat from system 1, component 0
[2026-08-31 14:53:17,949] [lib.drone_lib] [INFO] [MAV] Telemetry streams requested @ 4.0 Hz. Waiting for GLOBAL_POSITION_INT ...
[2026-08-31 14:53:17,949] [lib.drone_lib] [INFO] [MAV] Position streaming OK. Alt=1.7 m
[2026-08-31 14:53:19,333] [lib.aruco_lib] [INFO] ==========================================
[2026-08-31 14:53:19,333] [lib.aruco_lib] [INFO]        ERC DRONE MISSION BOOTLOADER       
[2026-08-31 14:53:19,334] [lib.aruco_lib] [INFO] ==========================================
[2026-08-31 14:53:19,334] [lib.status] [INFO] Checkpoint loaded: Phase=SEARCHING, SearchWP=0
[2026-08-31 14:53:19,335] [lib.drone_lib] [INFO] Telemetry Status: Armed=False, Estimated Alt=1.90m
[2026-08-31 14:53:19,335] [lib.aruco_lib] [INFO] Drone is grounded. Normal startup sequence.
[2026-08-31 16:45:03,222] [lib.drone_lib] [INFO] [MAV] Connecting to tcp:localhost:5762 ...
[2026-08-31 16:45:53,104] [lib.drone_lib] [INFO] [MAV] Connecting to tcp:localhost:5762 ...
[2026-08-31 16:45:53,115] [lib.drone_lib] [INFO] [MAV] Heartbeat from system 1, component 0
[2026-08-31 16:45:53,115] [lib.drone_lib] [INFO] [MAV] Telemetry streams requested @ 4.0 Hz. Waiting for GLOBAL_POSITION_INT ...
[2026-08-31 16:45:53,368] [lib.drone_lib] [INFO] [MAV] Position streaming OK. Alt=0.0 m
[2026-08-31 16:45:54,046] [lib.aruco_lib] [INFO] ==========================================
[2026-08-31 16:45:54,046] [lib.aruco_lib] [INFO]        ERC DRONE MISSION BOOTLOADER       
[2026-08-31 16:45:54,046] [lib.aruco_lib] [INFO] ==========================================
[2026-08-31 16:45:54,046] [lib.status] [INFO] Checkpoint loaded: Phase=SEARCHING, SearchWP=0
[2026-08-31 16:45:54,046] [lib.drone_lib] [INFO] Telemetry Status: Armed=False, Estimated Alt=0.19m
[2026-08-31 16:45:54,046] [lib.aruco_lib] [INFO] Drone is grounded. Normal startup sequence.
[2026-08-31 16:46:41,267] [lib.drone_lib] [INFO] [MAV] Connecting to tcp:localhost:5762 ...
[2026-08-31 16:46:41,279] [lib.drone_lib] [INFO] [MAV] Heartbeat from system 1, component 0
[2026-08-31 16:46:41,279] [lib.drone_lib] [INFO] [MAV] Telemetry streams requested @ 4.0 Hz. Waiting for GLOBAL_POSITION_INT ...
[2026-08-31 16:46:41,279] [lib.drone_lib] [INFO] [MAV] Position streaming OK. Alt=0.0 m
[2026-08-31 16:46:41,477] [lib.aruco_lib] [INFO] ==========================================
[2026-08-31 16:46:41,477] [lib.aruco_lib] [INFO]        ERC DRONE MISSION BOOTLOADER       
[2026-08-31 16:46:41,477] [lib.aruco_lib] [INFO] ==========================================
[2026-08-31 16:46:41,477] [lib.status] [INFO] No checkpoint found. Initializing fresh state.
[2026-08-31 16:46:42,024] [lib.drone_lib] [INFO] Telemetry Status: Armed=False, Estimated Alt=0.19m
[2026-08-31 16:46:42,025] [lib.aruco_lib] [INFO] Drone is grounded. Normal startup sequence.
[2026-08-31 16:46:42,025] [lib.aruco_lib] [INFO] Ready for launch. Waiting for launch signal...
[2026-08-31 16:46:42,025] [lib.aruco_lib] [INFO] --- Starting Mission ---
[2026-08-31 16:46:42,025] [lib.drone_lib] [INFO] [MAV] Switching to GUIDED ...
[2026-08-31 16:46:43,025] [lib.drone_lib] [INFO] [MAV] Arming ...
[2026-08-31 16:46:43,288] [lib.drone_lib] [INFO] [MAV] Armed.
[2026-08-31 16:46:43,288] [lib.drone_lib] [INFO] [MAV] Taking off to 2.0 m ...
[2026-08-31 16:46:48,889] [lib.drone_lib] [INFO] [MAV] Reached 1.9 m.
[2026-08-31 16:46:53,904] [lib.aruco_lib] [INFO] Detected ArUCO 101 with offset (np.float64(0.1199498831347203), np.float64(0.048033627564694654), np.float64(2.005367475999198)).
[2026-08-31 16:46:53,908] [lib.aruco_lib] [INFO] Home ArUco (101) detected at camera offset: [0.11994988 0.04803363 2.00536748]
[2026-08-31 16:46:53,908] [lib.aruco_lib] [INFO] Moving to first waypoint
[2026-08-31 16:46:53,948] [lib.aruco_lib] [INFO] Detected ArUCO 101 with offset (np.float64(0.1199498831347203), np.float64(0.048033627564694654), np.float64(2.005367475999198)).
[2026-08-31 16:46:53,951] [lib.aruco_lib] [INFO] Home ArUco (101) detected at camera offset: [0.11994988 0.04803363 2.00536748]
[2026-08-31 16:46:54,046] [lib.aruco_lib] [INFO] Detected ArUCO 101 with offset (np.float64(0.10897169546663206), np.float64(0.04048646416326724), np.float64(1.9934965614852673)).
[2026-08-31 16:46:54,049] [lib.aruco_lib] [INFO] Home ArUco (101) detected at camera offset: [0.1089717  0.04048646 1.99349656]
[2026-08-31 16:46:54,144] [lib.aruco_lib] [INFO] Detected ArUCO 101 with offset (np.float64(0.06344856826595205), np.float64(-0.003544302507023447), np.float64(1.9967768087985815)).
[2026-08-31 16:46:54,147] [lib.aruco_lib] [INFO] Home ArUco (101) detected at camera offset: [ 0.06344857 -0.0035443   1.99677681]
[2026-08-31 16:46:54,261] [lib.aruco_lib] [INFO] Detected ArUCO 101 with offset (np.float64(-0.007601546794807055), np.float64(-0.07468878721678648), np.float64(1.9775581122853947)).
[2026-08-31 16:46:54,264] [lib.aruco_lib] [INFO] Home ArUco (101) detected at camera offset: [-0.00760155 -0.07468879  1.97755811]
[2026-08-31 16:46:54,342] [lib.aruco_lib] [INFO] Detected ArUCO 101 with offset (np.float64(-0.08274430916091739), np.float64(-0.15682676470514423), np.float64(1.9587853893957057)).
[2026-08-31 16:46:54,345] [lib.aruco_lib] [INFO] Home ArUco (101) detected at camera offset: [-0.08274431 -0.15682676  1.95878539]
[2026-08-31 16:46:54,442] [lib.aruco_lib] [INFO] Detected ArUCO 101 with offset (np.float64(-0.15277318387055602), np.float64(-0.23246761541685998), np.float64(1.931119920751725)).
[2026-08-31 16:46:54,445] [lib.aruco_lib] [INFO] Home ArUco (101) detected at camera offset: [-0.15277318 -0.23246762  1.93111992]
[2026-08-31 16:46:54,550] [lib.aruco_lib] [INFO] Detected ArUCO 101 with offset (np.float64(-0.19916369490983862), np.float64(-0.28059887510169673), np.float64(1.8927701697042651)).
[2026-08-31 16:46:54,553] [lib.aruco_lib] [INFO] Home ArUco (101) detected at camera offset: [-0.19916369 -0.28059888  1.89277017]
[2026-08-31 16:46:54,658] [lib.aruco_lib] [INFO] Detected ArUCO 101 with offset (np.float64(-0.1908985070844105), np.float64(-0.278315367762824), np.float64(1.8647571716712121)).
[2026-08-31 16:46:54,661] [lib.aruco_lib] [INFO] Home ArUco (101) detected at camera offset: [-0.19089851 -0.27831537  1.86475717]
[2026-08-31 16:46:54,747] [lib.aruco_lib] [INFO] Detected ArUCO 101 with offset (np.float64(-0.13756979201005173), np.float64(-0.22368733173448335), np.float64(1.8621873293683666)).
[2026-08-31 16:46:54,749] [lib.aruco_lib] [INFO] Home ArUco (101) detected at camera offset: [-0.13756979 -0.22368733  1.86218733]
[2026-08-31 16:46:54,846] [lib.aruco_lib] [INFO] Detected ArUCO 101 with offset (np.float64(-0.04811657294546214), np.float64(-0.12685738459702098), np.float64(1.8635826469815087)).
[2026-08-31 16:46:54,849] [lib.aruco_lib] [INFO] Home ArUco (101) detected at camera offset: [-0.04811657 -0.12685738  1.86358265]
[2026-08-31 16:46:54,955] [lib.aruco_lib] [INFO] Detected ArUCO 101 with offset (np.float64(0.08979611091380155), np.float64(0.012845441053158987), np.float64(1.8795806684332097)).
[2026-08-31 16:46:54,958] [lib.aruco_lib] [INFO] Home ArUco (101) detected at camera offset: [0.08979611 0.01284544 1.87958067]
[2026-08-31 16:46:55,059] [lib.aruco_lib] [INFO] Detected ArUCO 101 with offset (np.float64(0.28527405125044275), np.float64(0.21257244928149854), np.float64(1.9310269164550917)).
[2026-08-31 16:46:55,062] [lib.aruco_lib] [INFO] Home ArUco (101) detected at camera offset: [0.28527405 0.21257245 1.93102692]
[2026-08-31 16:46:55,159] [lib.aruco_lib] [INFO] Detected ArUCO 101 with offset (np.float64(0.5758189991764644), np.float64(0.5038646559055671), np.float64(2.1426361288596047)).
[2026-08-31 16:46:55,162] [lib.aruco_lib] [INFO] Home ArUco (101) detected at camera offset: [0.575819   0.50386466 2.14263613]
[2026-08-31 16:46:55,257] [lib.aruco_lib] [INFO] Detected ArUCO 101 with offset (np.float64(0.7806576551062601), np.float64(0.7249695430785337), np.float64(1.928940611502889)).
[2026-08-31 16:46:55,260] [lib.aruco_lib] [INFO] Home ArUco (101) detected at camera offset: [0.78065766 0.72496954 1.92894061]
[2026-08-31 16:47:13,861] [lib.drone_lib] [INFO] [MAV] Connecting to tcp:localhost:5762 ...
[2026-08-31 16:47:13,873] [lib.drone_lib] [INFO] [MAV] Heartbeat from system 1, component 0
[2026-08-31 16:47:13,873] [lib.drone_lib] [INFO] [MAV] Telemetry streams requested @ 4.0 Hz. Waiting for GLOBAL_POSITION_INT ...
[2026-08-31 16:47:13,873] [lib.drone_lib] [INFO] [MAV] Position streaming OK. Alt=1.7 m
[2026-08-31 16:47:14,307] [lib.aruco_lib] [INFO] ==========================================
[2026-08-31 16:47:14,307] [lib.aruco_lib] [INFO]        ERC DRONE MISSION BOOTLOADER       
[2026-08-31 16:47:14,307] [lib.aruco_lib] [INFO] ==========================================
[2026-08-31 16:47:14,307] [lib.status] [INFO] Checkpoint loaded: Phase=SEARCHING, SearchWP=0
[2026-08-31 16:47:14,308] [lib.drone_lib] [INFO] Telemetry Status: Armed=False, Estimated Alt=1.89m
[2026-08-31 16:47:14,308] [lib.aruco_lib] [INFO] Drone is grounded. Normal startup sequence.
[2026-08-31 16:48:09,006] [lib.drone_lib] [INFO] [MAV] Connecting to tcp:localhost:5762 ...
[2026-08-31 16:48:09,018] [lib.drone_lib] [INFO] [MAV] Heartbeat from system 1, component 0
[2026-08-31 16:48:09,018] [lib.drone_lib] [INFO] [MAV] Telemetry streams requested @ 4.0 Hz. Waiting for GLOBAL_POSITION_INT ...
[2026-08-31 16:48:09,018] [lib.drone_lib] [INFO] [MAV] Position streaming OK. Alt=1.7 m
[2026-08-31 16:48:09,826] [lib.aruco_lib] [INFO] ==========================================
[2026-08-31 16:48:09,826] [lib.aruco_lib] [INFO]        ERC DRONE MISSION BOOTLOADER       
[2026-08-31 16:48:09,826] [lib.aruco_lib] [INFO] ==========================================
[2026-08-31 16:48:09,826] [lib.status] [INFO] No checkpoint found. Initializing fresh state.
[2026-08-31 16:48:09,826] [lib.drone_lib] [INFO] Telemetry Status: Armed=False, Estimated Alt=1.90m
[2026-08-31 16:48:09,826] [lib.aruco_lib] [INFO] Drone is grounded. Normal startup sequence.
[2026-08-31 16:48:09,826] [lib.aruco_lib] [INFO] Ready for launch. Waiting for launch signal...
[2026-08-31 16:48:09,826] [lib.aruco_lib] [INFO] --- Starting Mission ---
[2026-08-31 16:48:09,826] [lib.drone_lib] [INFO] [MAV] Switching to GUIDED ...
[2026-08-31 16:48:10,827] [lib.drone_lib] [INFO] [MAV] Arming ...
[2026-08-31 16:48:10,827] [lib.drone_lib] [INFO] [MAV] Armed.
[2026-08-31 16:48:10,827] [lib.drone_lib] [INFO] [MAV] Taking off to 2.0 m ...
[2026-08-31 16:50:14,082] [lib.drone_lib] [INFO] [MAV] Connecting to tcp:localhost:5762 ...
[2026-08-31 16:50:14,093] [lib.drone_lib] [INFO] [MAV] Heartbeat from system 1, component 0
[2026-08-31 16:50:14,093] [lib.drone_lib] [INFO] [MAV] Telemetry streams requested @ 4.0 Hz. Waiting for GLOBAL_POSITION_INT ...
[2026-08-31 16:50:14,346] [lib.drone_lib] [INFO] [MAV] Position streaming OK. Alt=0.0 m
[2026-08-31 16:50:14,579] [lib.aruco_lib] [INFO] ==========================================
[2026-08-31 16:50:14,579] [lib.aruco_lib] [INFO]        ERC DRONE MISSION BOOTLOADER       
[2026-08-31 16:50:14,579] [lib.aruco_lib] [INFO] ==========================================
[2026-08-31 16:50:14,579] [lib.status] [INFO] No checkpoint found. Initializing fresh state.
[2026-08-31 16:50:14,850] [lib.drone_lib] [INFO] Telemetry Status: Armed=False, Estimated Alt=0.19m
[2026-08-31 16:50:14,850] [lib.aruco_lib] [INFO] Drone is grounded. Normal startup sequence.
[2026-08-31 16:50:14,850] [lib.aruco_lib] [INFO] Ready for launch. Waiting for launch signal...
[2026-08-31 16:50:14,850] [lib.aruco_lib] [INFO] --- Starting Mission ---
[2026-08-31 16:50:14,851] [lib.drone_lib] [INFO] [MAV] Switching to GUIDED ...
[2026-08-31 16:50:15,852] [lib.drone_lib] [INFO] [MAV] Arming ...
[2026-08-31 16:50:16,099] [lib.drone_lib] [INFO] [MAV] Armed.
[2026-08-31 16:50:16,099] [lib.drone_lib] [INFO] [MAV] Taking off to 2.0 m ...
[2026-08-31 16:50:21,651] [lib.drone_lib] [INFO] [MAV] Reached 1.9 m.
[2026-08-31 16:50:26,662] [lib.aruco_lib] [INFO] Detected ArUCO 101 with offset (np.float64(0.11787276154152988), np.float64(0.04530294388220909), np.float64(1.9904061515133724)).
[2026-08-31 16:50:26,665] [lib.aruco_lib] [INFO] Home ArUco (101) detected at camera offset: [0.11787276 0.04530294 1.99040615]
[2026-08-31 16:50:26,665] [lib.aruco_lib] [INFO] Moving to first waypoint
[2026-08-31 16:50:26,751] [lib.aruco_lib] [INFO] Detected ArUCO 101 with offset (np.float64(0.11687603420912028), np.float64(0.04489685931233975), np.float64(1.9976140145283137)).
[2026-08-31 16:50:26,753] [lib.aruco_lib] [INFO] Home ArUco (101) detected at camera offset: [0.11687603 0.04489686 1.99761401]
[2026-08-31 16:50:26,844] [lib.aruco_lib] [INFO] Detected ArUCO 101 with offset (np.float64(0.08866357136560914), np.float64(0.020708427052957386), np.float64(1.9895611611375912)).
[2026-08-31 16:50:26,847] [lib.aruco_lib] [INFO] Home ArUco (101) detected at camera offset: [0.08866357 0.02070843 1.98956116]
[2026-08-31 16:50:26,944] [lib.aruco_lib] [INFO] Detected ArUCO 101 with offset (np.float64(0.029046175685093056), np.float64(-0.039380371716115505), np.float64(1.982724519613468)).
[2026-08-31 16:50:26,947] [lib.aruco_lib] [INFO] Home ArUco (101) detected at camera offset: [ 0.02904618 -0.03938037  1.98272452]
[2026-08-31 16:50:27,062] [lib.aruco_lib] [INFO] Detected ArUCO 101 with offset (np.float64(-0.047922211540357695), np.float64(-0.11911100178037604), np.float64(1.9744512655458868)).
[2026-08-31 16:50:27,066] [lib.aruco_lib] [INFO] Home ArUco (101) detected at camera offset: [-0.04792221 -0.119111    1.97445127]
[2026-08-31 16:50:27,150] [lib.aruco_lib] [INFO] Detected ArUCO 101 with offset (np.float64(-0.1230852169346335), np.float64(-0.19842287168344316), np.float64(1.9400611236077476)).
[2026-08-31 16:50:27,152] [lib.aruco_lib] [INFO] Home ArUco (101) detected at camera offset: [-0.12308522 -0.19842287  1.94006112]
[2026-08-31 16:50:27,241] [lib.aruco_lib] [INFO] Detected ArUCO 101 with offset (np.float64(-0.1862115230471798), np.float64(-0.2668637741695193), np.float64(1.9107001319853667)).
[2026-08-31 16:50:27,244] [lib.aruco_lib] [INFO] Home ArUco (101) detected at camera offset: [-0.18621152 -0.26686377  1.91070013]
[2026-08-31 16:50:27,344] [lib.aruco_lib] [INFO] Detected ArUCO 101 with offset (np.float64(-0.20278993496169026), np.float64(-0.2891707775217319), np.float64(1.8802682541893796)).
[2026-08-31 16:50:27,347] [lib.aruco_lib] [INFO] Home ArUco (101) detected at camera offset: [-0.20278993 -0.28917078  1.88026825]
[2026-08-31 16:50:27,452] [lib.aruco_lib] [INFO] Detected ArUCO 101 with offset (np.float64(-0.17085858388301126), np.float64(-0.2575995114338145), np.float64(1.8643880320637922)).
[2026-08-31 16:50:27,455] [lib.aruco_lib] [INFO] Home ArUco (101) detected at camera offset: [-0.17085858 -0.25759951  1.86438803]
[2026-08-31 16:50:27,553] [lib.aruco_lib] [INFO] Detected ArUCO 101 with offset (np.float64(-0.09731794035074252), np.float64(-0.18043616776228116), np.float64(1.859277869065421)).
[2026-08-31 16:50:27,556] [lib.aruco_lib] [INFO] Home ArUco (101) detected at camera offset: [-0.09731794 -0.18043617  1.85927787]
[2026-08-31 16:50:27,642] [lib.aruco_lib] [INFO] Detected ArUCO 101 with offset (np.float64(0.013891624284237649), np.float64(-0.06460924252509828), np.float64(1.8668428343499828)).
[2026-08-31 16:50:27,645] [lib.aruco_lib] [INFO] Home ArUco (101) detected at camera offset: [ 0.01389162 -0.06460924  1.86684283]
[2026-08-31 16:50:27,744] [lib.aruco_lib] [INFO] Detected ArUCO 101 with offset (np.float64(0.1827164903254332), np.float64(0.10691590211861485), np.float64(1.9171625612143188)).
[2026-08-31 16:50:27,746] [lib.aruco_lib] [INFO] Home ArUco (101) detected at camera offset: [0.18271649 0.1069159  1.91716256]
[2026-08-31 16:50:27,851] [lib.aruco_lib] [INFO] Detected ArUCO 101 with offset (np.float64(0.4030437698154954), np.float64(0.3338044965829441), np.float64(1.9472113353533644)).
[2026-08-31 16:50:27,854] [lib.aruco_lib] [INFO] Home ArUco (101) detected at camera offset: [0.40304377 0.3338045  1.94721134]
[2026-08-31 16:50:27,958] [lib.aruco_lib] [INFO] Detected ArUCO 101 with offset (np.float64(0.6554923753400304), np.float64(0.5941081643761553), np.float64(1.9536360753814448)).
[2026-08-31 16:50:27,961] [lib.aruco_lib] [INFO] Home ArUco (101) detected at camera offset: [0.65549238 0.59410816 1.95363608]
[2026-08-31 16:50:29,390] [lib.aruco_lib] [INFO] Reached search waypoint 0
[2026-08-31 16:50:32,215] [lib.aruco_lib] [INFO] Detected ArUCO 102 with offset (np.float64(-0.07564168714499493), np.float64(0.6898395770421756), np.float64(1.9323368758447337)).
[2026-08-31 16:50:32,219] [lib.aruco_lib] [INFO] Landing ArUco (102) detected at camera offset: [-0.07564169  0.68983958  1.93233688]
[2026-08-31 16:50:32,219] [lib.aruco_lib] [INFO] Calculated Landing Pad NED: N=1.49, E=1.98
[2026-08-31 16:50:32,467] [lib.aruco_lib] [INFO] Detected ArUCO 102 with offset (np.float64(-0.5927551023692945), np.float64(0.5717664351040772), np.float64(1.8521144954285222)).
[2026-08-31 16:50:32,470] [lib.aruco_lib] [INFO] Landing ArUco (102) detected at camera offset: [-0.5927551   0.57176644  1.8521145 ]
[2026-08-31 16:50:32,471] [lib.aruco_lib] [INFO] Calculated Landing Pad NED: N=1.51, E=2.05
[2026-08-31 16:52:49,078] [lib.drone_lib] [INFO] [MAV] Connecting to tcp:localhost:5762 ...
[2026-08-31 16:52:49,090] [lib.drone_lib] [INFO] [MAV] Heartbeat from system 1, component 0
[2026-08-31 16:52:49,090] [lib.drone_lib] [INFO] [MAV] Telemetry streams requested @ 4.0 Hz. Waiting for GLOBAL_POSITION_INT ...
[2026-08-31 16:52:49,090] [lib.drone_lib] [INFO] [MAV] Position streaming OK. Alt=1.8 m
[2026-08-31 16:52:49,733] [lib.aruco_lib] [INFO] ==========================================
[2026-08-31 16:52:49,733] [lib.aruco_lib] [INFO]        ERC DRONE MISSION BOOTLOADER       
[2026-08-31 16:52:49,733] [lib.aruco_lib] [INFO] ==========================================
[2026-08-31 16:52:49,733] [lib.status] [INFO] Checkpoint loaded: Phase=SEARCHING, SearchWP=1
[2026-08-31 16:52:49,734] [lib.drone_lib] [INFO] Telemetry Status: Armed=False, Estimated Alt=2.03m
[2026-08-31 16:52:49,734] [lib.aruco_lib] [INFO] Drone is grounded. Normal startup sequence.
[2026-08-31 16:52:51,130] [lib.aruco_lib] [INFO] Detected ArUCO 102 with offset (np.float64(-0.7182343181249671), np.float64(0.4384452582724327), np.float64(1.8318187443791072)).
[2026-08-31 16:52:51,133] [lib.aruco_lib] [INFO] Landing ArUco (102) detected at camera offset: [-0.71823432  0.43844526  1.83181874]
[2026-08-31 16:52:51,133] [lib.aruco_lib] [INFO] Calculated Landing Pad NED: N=1.51, E=1.83
[2026-08-31 16:52:51,634] [lib.aruco_lib] [INFO] Detected ArUCO 102 with offset (np.float64(0.36761080745499336), np.float64(0.5537706330552292), np.float64(1.838736358040505)).
[2026-08-31 16:52:51,637] [lib.aruco_lib] [INFO] Landing ArUco (102) detected at camera offset: [0.36761081 0.55377063 1.83873636]
[2026-08-31 16:52:51,637] [lib.aruco_lib] [INFO] Calculated Landing Pad NED: N=1.46, E=2.20
[2026-08-31 16:52:52,139] [lib.aruco_lib] [INFO] Detected ArUCO 102 with offset (np.float64(0.8825422298168824), np.float64(0.6190960395880741), np.float64(1.7989021317227816)).
[2026-08-31 16:52:52,142] [lib.aruco_lib] [INFO] Landing ArUco (102) detected at camera offset: [0.88254223 0.61909604 1.79890213]
[2026-08-31 16:52:52,142] [lib.aruco_lib] [INFO] Calculated Landing Pad NED: N=1.45, E=2.30
[2026-08-31 16:52:53,144] [lib.aruco_lib] [INFO] Detected ArUCO 102 with offset (np.float64(0.323792455107931), np.float64(0.5998387084462332), np.float64(1.8564385848171825)).
[2026-08-31 16:52:53,147] [lib.aruco_lib] [INFO] Landing ArUco (102) detected at camera offset: [0.32379246 0.59983871 1.85643858]
[2026-08-31 16:52:53,147] [lib.aruco_lib] [INFO] Calculated Landing Pad NED: N=1.43, E=2.27
[2026-08-31 16:52:53,148] [lib.aruco_lib] [INFO] Reached search waypoint 1
[2026-08-31 16:52:53,646] [lib.aruco_lib] [INFO] Detected ArUCO 102 with offset (np.float64(-0.3666562745159993), np.float64(0.5185281249798748), np.float64(1.8230311554298748)).
[2026-08-31 16:52:53,650] [lib.aruco_lib] [INFO] Landing ArUco (102) detected at camera offset: [-0.36665627  0.51852812  1.82303116]
[2026-08-31 16:52:53,650] [lib.aruco_lib] [INFO] Calculated Landing Pad NED: N=1.43, E=2.03
[2026-08-31 16:52:54,650] [lib.aruco_lib] [INFO] Detected ArUCO 102 with offset (np.float64(-0.6463584159191853), np.float64(0.03299286227076856), np.float64(1.881402874983947)).
[2026-08-31 16:52:54,653] [lib.aruco_lib] [INFO] Landing ArUco (102) detected at camera offset: [-0.64635842  0.03299286  1.88140287]
[2026-08-31 16:52:54,653] [lib.aruco_lib] [INFO] Calculated Landing Pad NED: N=0.71, E=1.89
[2026-08-31 16:52:58,689] [lib.aruco_lib] [INFO] Reached search waypoint 2
[2026-08-31 16:53:04,257] [lib.aruco_lib] [INFO] Reached search waypoint 3
[2026-08-31 16:53:04,510] [lib.aruco_lib] [INFO] Reached search waypoint 3
[2026-08-31 16:53:04,511] [lib.aruco_lib] [INFO] Centering over landing target: (1.46, 2.13)
[2026-08-31 16:53:07,774] [lib.aruco_lib] [INFO] Detected ArUCO 102 with offset (np.float64(-0.31463861840038343), np.float64(0.13407889423213873), np.float64(1.815488720924885)).
[2026-08-31 16:53:07,774] [lib.aruco_lib] [INFO] Aligning complete. Distance: 0.3420155114427051m
[2026-08-31 16:53:07,774] [lib.aruco_lib] [INFO] Approach finalised, landing...
[2026-08-31 16:53:07,775] [lib.drone_lib] [INFO] [MAV] Switching to LAND mode – PLND active.
[2026-08-31 16:53:07,776] [lib.drone_lib] [INFO] Telemetry Status: Armed=False, Estimated Alt=1.98m
[2026-08-31 16:53:07,776] [lib.status] [INFO] Checkpoint file cleared.
[2026-08-31 16:54:42,352] [lib.drone_lib] [INFO] [MAV] Connecting to tcp:localhost:5762 ...
[2026-08-31 16:54:42,364] [lib.drone_lib] [INFO] [MAV] Heartbeat from system 1, component 0
[2026-08-31 16:54:42,364] [lib.drone_lib] [INFO] [MAV] Telemetry streams requested @ 4.0 Hz. Waiting for GLOBAL_POSITION_INT ...
[2026-08-31 16:54:42,364] [lib.drone_lib] [INFO] [MAV] Position streaming OK. Alt=0.0 m
[2026-08-31 16:54:43,142] [lib.aruco_lib] [INFO] ==========================================
[2026-08-31 16:54:43,142] [lib.aruco_lib] [INFO]        ERC DRONE MISSION BOOTLOADER       
[2026-08-31 16:54:43,142] [lib.aruco_lib] [INFO] ==========================================
[2026-08-31 16:54:43,142] [lib.status] [INFO] No checkpoint found. Initializing fresh state.
[2026-08-31 16:54:43,142] [lib.drone_lib] [INFO] Telemetry Status: Armed=False, Estimated Alt=0.19m
[2026-08-31 16:54:43,142] [lib.aruco_lib] [INFO] Drone is grounded. Normal startup sequence.
[2026-08-31 16:54:43,142] [lib.aruco_lib] [INFO] Ready for launch. Waiting for launch signal...
[2026-08-31 16:54:43,142] [lib.aruco_lib] [INFO] --- Starting Mission ---
[2026-08-31 16:54:43,142] [lib.drone_lib] [INFO] [MAV] Switching to GUIDED ...
[2026-08-31 16:54:44,143] [lib.drone_lib] [INFO] [MAV] Arming ...
[2026-08-31 16:54:44,374] [lib.drone_lib] [INFO] [MAV] Armed.
[2026-08-31 16:54:44,374] [lib.drone_lib] [INFO] [MAV] Taking off to 2.0 m ...
[2026-08-31 16:54:49,899] [lib.drone_lib] [INFO] [MAV] Reached 1.9 m.
[2026-08-31 16:54:54,910] [lib.aruco_lib] [INFO] Detected ArUCO 102 with offset (np.float64(-0.7229385333626765), np.float64(0.41380950198318167), np.float64(2.0482669131850058)).
[2026-08-31 16:54:54,913] [lib.aruco_lib] [INFO] Landing ArUco (102) detected at camera offset: [-0.72293853  0.4138095   2.04826691]
[2026-08-31 16:54:54,913] [lib.aruco_lib] [INFO] Calculated Landing Pad NED: N=1.46, E=2.13
[2026-08-31 16:54:54,914] [lib.aruco_lib] [INFO] Moving to first waypoint
[2026-08-31 16:54:54,992] [lib.aruco_lib] [INFO] Detected ArUCO 102 with offset (np.float64(-0.7229385333626765), np.float64(0.41380950198318167), np.float64(2.0482669131850058)).
[2026-08-31 16:54:54,995] [lib.aruco_lib] [INFO] Landing ArUco (102) detected at camera offset: [-0.72293853  0.4138095   2.04826691]
[2026-08-31 16:54:54,995] [lib.aruco_lib] [INFO] Calculated Landing Pad NED: N=1.46, E=2.13
[2026-08-31 16:54:55,092] [lib.aruco_lib] [INFO] Detected ArUCO 102 with offset (np.float64(-0.7625032262798842), np.float64(0.41220903470264497), np.float64(2.039978223153475)).
[2026-08-31 16:54:55,095] [lib.aruco_lib] [INFO] Landing ArUco (102) detected at camera offset: [-0.76250323  0.41220903  2.03997822]
[2026-08-31 16:54:55,095] [lib.aruco_lib] [INFO] Calculated Landing Pad NED: N=1.46, E=2.09
[2026-08-31 16:54:55,198] [lib.aruco_lib] [INFO] Detected ArUCO 102 with offset (np.float64(-0.8454811277999293), np.float64(0.40415067592456916), np.float64(2.003509432850198)).
[2026-08-31 16:54:55,201] [lib.aruco_lib] [INFO] Landing ArUco (102) detected at camera offset: [-0.84548113  0.40415068  2.00350943]
[2026-08-31 16:54:55,201] [lib.aruco_lib] [INFO] Calculated Landing Pad NED: N=1.46, E=2.00
[2026-08-31 16:54:55,283] [lib.aruco_lib] [INFO] Detected ArUCO 102 with offset (np.float64(-0.9475433070256817), np.float64(0.3938160638458978), np.float64(1.9426742046955716)).
[2026-08-31 16:54:55,286] [lib.aruco_lib] [INFO] Landing ArUco (102) detected at camera offset: [-0.94754331  0.39381606  1.9426742 ]
[2026-08-31 16:54:55,286] [lib.aruco_lib] [INFO] Calculated Landing Pad NED: N=1.46, E=1.90
[2026-08-31 16:54:55,901] [lib.aruco_lib] [INFO] Detected ArUCO 102 with offset (np.float64(-0.8451338298239354), np.float64(0.3993245853120343), np.float64(1.6880832268326469)).
[2026-08-31 16:54:55,904] [lib.aruco_lib] [INFO] Landing ArUco (102) detected at camera offset: [-0.84513383  0.39932459  1.68808323]
[2026-08-31 16:54:55,904] [lib.aruco_lib] [INFO] Calculated Landing Pad NED: N=1.46, E=2.00
[2026-08-31 16:54:56,009] [lib.aruco_lib] [INFO] Detected ArUCO 102 with offset (np.float64(-0.6677459003701005), np.float64(0.4163426546429637), np.float64(1.741018355630285)).
[2026-08-31 16:54:56,012] [lib.aruco_lib] [INFO] Landing ArUco (102) detected at camera offset: [-0.6677459   0.41634265  1.74101836]
[2026-08-31 16:54:56,012] [lib.aruco_lib] [INFO] Calculated Landing Pad NED: N=1.46, E=2.14
[2026-08-31 16:54:56,113] [lib.aruco_lib] [INFO] Detected ArUCO 102 with offset (np.float64(-0.44355563619849986), np.float64(0.4300804402686768), np.float64(1.770559286057233)).
[2026-08-31 16:54:56,116] [lib.aruco_lib] [INFO] Landing ArUco (102) detected at camera offset: [-0.44355564  0.43008044  1.77055929]
[2026-08-31 16:54:56,116] [lib.aruco_lib] [INFO] Calculated Landing Pad NED: N=1.51, E=1.81
[2026-08-31 16:54:56,421] [lib.aruco_lib] [INFO] Detected ArUCO 102 with offset (np.float64(0.596069772343643), np.float64(0.5112179843148277), np.float64(1.9202345345907916)).
[2026-08-31 16:54:56,424] [lib.aruco_lib] [INFO] Landing ArUco (102) detected at camera offset: [0.59606977 0.51121798 1.92023453]
[2026-08-31 16:54:56,424] [lib.aruco_lib] [INFO] Calculated Landing Pad NED: N=1.44, E=1.57
[2026-08-31 16:55:00,453] [lib.aruco_lib] [INFO] Reached search waypoint 0
[2026-08-31 16:55:03,054] [lib.aruco_lib] [INFO] Detected ArUCO 102 with offset (np.float64(1.0254299343318047), np.float64(0.665829996653004), np.float64(2.230719577995698)).
[2026-08-31 16:55:03,057] [lib.aruco_lib] [INFO] Landing ArUco (102) detected at camera offset: [1.02542993 0.66583    2.23071958]
[2026-08-31 16:55:03,057] [lib.aruco_lib] [INFO] Calculated Landing Pad NED: N=1.36, E=2.02
[2026-08-31 16:55:03,559] [lib.aruco_lib] [INFO] Detected ArUCO 102 with offset (np.float64(-0.3907796567909349), np.float64(0.5122800135941292), np.float64(1.8446108520283588)).
[2026-08-31 16:55:03,563] [lib.aruco_lib] [INFO] Landing ArUco (102) detected at camera offset: [-0.39077966  0.51228001  1.84461085]
[2026-08-31 16:55:03,563] [lib.aruco_lib] [INFO] Calculated Landing Pad NED: N=1.50, E=1.71
[2026-08-31 16:55:03,564] [lib.aruco_lib] [INFO] Reached search waypoint 1
[2026-08-31 16:55:04,063] [lib.aruco_lib] [INFO] Detected ArUCO 102 with offset (np.float64(-0.9460422488733518), np.float64(0.5707262035980811), np.float64(1.8879764523654432)).
[2026-08-31 16:55:04,066] [lib.aruco_lib] [INFO] Landing ArUco (102) detected at camera offset: [-0.94604225  0.5707262   1.88797645]
[2026-08-31 16:55:04,066] [lib.aruco_lib] [INFO] Calculated Landing Pad NED: N=1.41, E=1.70
[2026-08-31 16:55:05,070] [lib.aruco_lib] [INFO] Detected ArUCO 102 with offset (np.float64(-0.6427214358848985), np.float64(0.0022860885364272207), np.float64(1.8840947914199535)).
[2026-08-31 16:55:05,073] [lib.aruco_lib] [INFO] Landing ArUco (102) detected at camera offset: [-0.64272144  0.00228609  1.88409479]
[2026-08-31 16:55:05,073] [lib.aruco_lib] [INFO] Calculated Landing Pad NED: N=0.89, E=1.96
[2026-08-31 16:55:09,136] [lib.aruco_lib] [INFO] Reached search waypoint 2
[2026-08-31 16:55:14,691] [lib.aruco_lib] [INFO] Reached search waypoint 3
[2026-08-31 16:55:14,942] [lib.aruco_lib] [INFO] Reached search waypoint 3
[2026-08-31 16:55:14,942] [lib.aruco_lib] [INFO] Centering over landing target: (1.46, 2.06)
[2026-08-31 16:55:18,205] [lib.aruco_lib] [INFO] Detected ArUCO 102 with offset (np.float64(-0.3599035606824585), np.float64(0.1801443442688904), np.float64(1.808069226929169)).
[2026-08-31 16:55:18,205] [lib.aruco_lib] [INFO] Aligning complete. Distance: 0.4024705675747987m
[2026-08-31 16:55:18,205] [lib.aruco_lib] [INFO] Approach finalised, landing...
[2026-08-31 16:55:18,206] [lib.drone_lib] [INFO] [MAV] Switching to LAND mode – PLND active.
[2026-08-31 16:55:18,206] [lib.drone_lib] [INFO] Telemetry Status: Armed=False, Estimated Alt=1.98m
[2026-08-31 16:55:18,206] [lib.status] [INFO] Checkpoint file cleared.
[2026-08-31 16:56:13,699] [lib.drone_lib] [INFO] [MAV] Connecting to tcp:localhost:5762 ...
[2026-08-31 16:56:13,711] [lib.drone_lib] [INFO] [MAV] Heartbeat from system 1, component 0
[2026-08-31 16:56:13,711] [lib.drone_lib] [INFO] [MAV] Telemetry streams requested @ 4.0 Hz. Waiting for GLOBAL_POSITION_INT ...
[2026-08-31 16:56:13,711] [lib.drone_lib] [INFO] [MAV] Position streaming OK. Alt=0.0 m
[2026-08-31 16:56:13,995] [lib.aruco_lib] [INFO] ==========================================
[2026-08-31 16:56:13,995] [lib.aruco_lib] [INFO]        ERC DRONE MISSION BOOTLOADER       
[2026-08-31 16:56:13,995] [lib.aruco_lib] [INFO] ==========================================
[2026-08-31 16:56:13,995] [lib.status] [INFO] No checkpoint found. Initializing fresh state.
[2026-08-31 16:56:13,996] [lib.drone_lib] [INFO] Telemetry Status: Armed=False, Estimated Alt=0.19m
[2026-08-31 16:56:13,996] [lib.aruco_lib] [INFO] Drone is grounded. Normal startup sequence.
[2026-08-31 16:56:13,996] [lib.aruco_lib] [INFO] Ready for launch. Waiting for launch signal...
[2026-08-31 16:56:13,996] [lib.aruco_lib] [INFO] --- Starting Mission ---
[2026-08-31 16:56:13,996] [lib.drone_lib] [INFO] [MAV] Switching to GUIDED ...
[2026-08-31 16:56:14,998] [lib.drone_lib] [INFO] [MAV] Arming ...
[2026-08-31 16:56:15,715] [lib.drone_lib] [INFO] [MAV] Armed.
[2026-08-31 16:56:15,715] [lib.drone_lib] [INFO] [MAV] Taking off to 2.0 m ...
[2026-08-31 16:56:20,769] [lib.drone_lib] [INFO] [MAV] Reached 1.9 m.
[2026-08-31 16:56:25,776] [lib.aruco_lib] [INFO] Detected ArUCO 102 with offset (np.float64(-0.6726820544404399), np.float64(0.38525535188068055), np.float64(2.0387813189739226)).
[2026-08-31 16:56:25,779] [lib.aruco_lib] [INFO] Landing ArUco (102) detected at camera offset: [-0.67268205  0.38525535  2.03878132]
[2026-08-31 16:56:25,779] [lib.aruco_lib] [INFO] Calculated Landing Pad NED: N=1.48, E=2.12
[2026-08-31 16:56:25,779] [lib.aruco_lib] [INFO] Moving to first waypoint
[2026-08-31 16:56:25,785] [lib.aruco_lib] [INFO] Detected ArUCO 102 with offset (np.float64(-0.6726820544404399), np.float64(0.38525535188068055), np.float64(2.0387813189739226)).
[2026-08-31 16:56:25,785] [lib.aruco_lib] [INFO] Landing ArUco (102) detected at camera offset: [-0.67268205  0.38525535  2.03878132]
[2026-08-31 16:56:25,785] [lib.aruco_lib] [INFO] Calculated Landing Pad NED: N=1.48, E=2.12
[2026-08-31 16:56:25,880] [lib.aruco_lib] [INFO] Detected ArUCO 102 with offset (np.float64(-0.6778600905395226), np.float64(0.3860185049617021), np.float64(2.0406513068945786)).
[2026-08-31 16:56:25,880] [lib.aruco_lib] [INFO] Landing ArUco (102) detected at camera offset: [-0.67786009  0.3860185   2.04065131]
[2026-08-31 16:56:25,880] [lib.aruco_lib] [INFO] Calculated Landing Pad NED: N=1.47, E=2.11
[2026-08-31 16:56:25,972] [lib.aruco_lib] [INFO] Detected ArUCO 102 with offset (np.float64(-0.7264105140314732), np.float64(0.38024842506804984), np.float64(2.0244811579958135)).
[2026-08-31 16:56:25,972] [lib.aruco_lib] [INFO] Landing ArUco (102) detected at camera offset: [-0.72641051  0.38024843  2.02448116]
[2026-08-31 16:56:25,972] [lib.aruco_lib] [INFO] Calculated Landing Pad NED: N=1.47, E=2.06
[2026-08-31 16:56:26,072] [lib.aruco_lib] [INFO] Detected ArUCO 102 with offset (np.float64(-0.8146934411658264), np.float64(0.368066938317423), np.float64(1.989092303207131)).
[2026-08-31 16:56:26,073] [lib.aruco_lib] [INFO] Landing ArUco (102) detected at camera offset: [-0.81469344  0.36806694  1.9890923 ]
[2026-08-31 16:56:26,073] [lib.aruco_lib] [INFO] Calculated Landing Pad NED: N=1.48, E=1.98
[2026-08-31 16:56:26,179] [lib.aruco_lib] [INFO] Detected ArUCO 102 with offset (np.float64(-0.9221456734702301), np.float64(0.35299595359222397), np.float64(1.9337897100523542)).
[2026-08-31 16:56:26,179] [lib.aruco_lib] [INFO] Landing ArUco (102) detected at camera offset: [-0.92214567  0.35299595  1.93378971]
[2026-08-31 16:56:26,179] [lib.aruco_lib] [INFO] Calculated Landing Pad NED: N=1.48, E=1.87
[2026-08-31 16:56:26,787] [lib.aruco_lib] [INFO] Detected ArUCO 102 with offset (np.float64(-0.7655757552886825), np.float64(0.3667380453938232), np.float64(1.7238205395183717)).
[2026-08-31 16:56:26,787] [lib.aruco_lib] [INFO] Landing ArUco (102) detected at camera offset: [-0.76557576  0.36673805  1.72382054]
[2026-08-31 16:56:26,787] [lib.aruco_lib] [INFO] Calculated Landing Pad NED: N=1.50, E=1.98
[2026-08-31 16:56:26,881] [lib.aruco_lib] [INFO] Detected ArUCO 102 with offset (np.float64(-0.565135828425201), np.float64(0.3955094046877646), np.float64(1.7708035686518016)).
[2026-08-31 16:56:26,882] [lib.aruco_lib] [INFO] Landing ArUco (102) detected at camera offset: [-0.56513583  0.3955094   1.77080357]
[2026-08-31 16:56:26,882] [lib.aruco_lib] [INFO] Calculated Landing Pad NED: N=1.55, E=1.57
[2026-08-31 16:56:27,308] [lib.aruco_lib] [INFO] Detected ArUCO 102 with offset (np.float64(0.8481895484457691), np.float64(0.5818325534973094), np.float64(1.9052246479158403)).
[2026-08-31 16:56:27,308] [lib.aruco_lib] [INFO] Landing ArUco (102) detected at camera offset: [0.84818955 0.58183255 1.90522465]
[2026-08-31 16:56:27,308] [lib.aruco_lib] [INFO] Calculated Landing Pad NED: N=1.37, E=1.73
[2026-08-31 16:56:28,815] [lib.aruco_lib] [INFO] Reached search waypoint 0
[2026-08-31 16:56:31,327] [lib.aruco_lib] [INFO] Detected ArUCO 102 with offset (np.float64(0.6281310234901382), np.float64(0.5994300442003658), np.float64(1.9987420772760562)).
[2026-08-31 16:56:31,327] [lib.aruco_lib] [INFO] Landing ArUco (102) detected at camera offset: [0.62813102 0.59943004 1.99874208]
[2026-08-31 16:56:31,327] [lib.aruco_lib] [INFO] Calculated Landing Pad NED: N=1.40, E=1.83
[2026-08-31 16:56:31,829] [lib.aruco_lib] [INFO] Detected ArUCO 102 with offset (np.float64(-0.09649858032767583), np.float64(0.5075897355268071), np.float64(1.8638013684689567)).
[2026-08-31 16:56:31,829] [lib.aruco_lib] [INFO] Landing ArUco (102) detected at camera offset: [-0.09649858  0.50758974  1.86380137]
[2026-08-31 16:56:31,829] [lib.aruco_lib] [INFO] Calculated Landing Pad NED: N=1.50, E=1.77
[2026-08-31 16:56:31,830] [lib.aruco_lib] [INFO] Reached search waypoint 1
[2026-08-31 16:56:32,330] [lib.aruco_lib] [INFO] Detected ArUCO 102 with offset (np.float64(-0.2833969134591488), np.float64(0.5536882606371619), np.float64(1.8279549029427096)).
[2026-08-31 16:56:32,330] [lib.aruco_lib] [INFO] Landing ArUco (102) detected at camera offset: [-0.28339691  0.55368826  1.8279549 ]
[2026-08-31 16:56:32,330] [lib.aruco_lib] [INFO] Calculated Landing Pad NED: N=1.45, E=1.85
[2026-08-31 16:56:33,334] [lib.aruco_lib] [INFO] Detected ArUCO 102 with offset (np.float64(-0.015136152856066253), np.float64(-0.06848713113439303), np.float64(1.856464485082992)).
[2026-08-31 16:56:33,335] [lib.aruco_lib] [INFO] Landing ArUco (102) detected at camera offset: [-0.01513615 -0.06848713  1.85646449]
[2026-08-31 16:56:33,335] [lib.aruco_lib] [INFO] Calculated Landing Pad NED: N=0.95, E=2.12
[2026-08-31 16:56:34,849] [lib.aruco_lib] [INFO] Reached search waypoint 2
[2026-08-31 16:56:37,868] [lib.aruco_lib] [INFO] Reached search waypoint 3
[2026-08-31 16:56:38,119] [lib.aruco_lib] [INFO] Reached search waypoint 3
[2026-08-31 16:56:38,120] [lib.aruco_lib] [INFO] Centering over landing target: (1.48, 1.98)
[2026-08-31 16:56:41,378] [lib.aruco_lib] [INFO] Detected ArUCO 102 with offset (np.float64(0.07437356748862214), np.float64(0.07934343543661554), np.float64(1.8684468422214557)).
[2026-08-31 16:56:41,379] [lib.aruco_lib] [INFO] Aligning complete. Distance: 0.10875113005329651m
[2026-08-31 16:56:41,379] [lib.aruco_lib] [INFO] Approach finalised, landing...
[2026-08-31 16:56:41,380] [lib.drone_lib] [INFO] [MAV] Switching to LAND mode – PLND active.
[2026-08-31 16:56:41,380] [lib.drone_lib] [INFO] Telemetry Status: Armed=True, Estimated Alt=1.99m
[2026-08-31 16:56:42,381] [lib.drone_lib] [INFO] Telemetry Status: Armed=False, Estimated Alt=2.00m
[2026-08-31 16:56:42,382] [lib.status] [INFO] Checkpoint file cleared.
[2026-08-31 17:00:41,658] [lib.drone_lib] [INFO] [MAV] Connecting to tcp:localhost:5762 ...
[2026-08-31 17:00:41,669] [lib.drone_lib] [INFO] [MAV] Heartbeat from system 1, component 0
[2026-08-31 17:00:41,670] [lib.drone_lib] [INFO] [MAV] Telemetry streams requested @ 4.0 Hz. Waiting for GLOBAL_POSITION_INT ...
[2026-08-31 17:00:41,670] [lib.drone_lib] [INFO] [MAV] Position streaming OK. Alt=0.0 m
[2026-08-31 17:00:42,480] [lib.aruco_lib] [INFO] ==========================================
[2026-08-31 17:00:42,480] [lib.aruco_lib] [INFO]        ERC DRONE MISSION BOOTLOADER       
[2026-08-31 17:00:42,480] [lib.aruco_lib] [INFO] ==========================================
[2026-08-31 17:00:42,480] [lib.status] [INFO] No checkpoint found. Initializing fresh state.
[2026-08-31 17:00:42,481] [lib.drone_lib] [INFO] Telemetry Status: Armed=False, Estimated Alt=0.20m
[2026-08-31 17:00:42,481] [lib.aruco_lib] [INFO] Drone is grounded. Normal startup sequence.
[2026-08-31 17:00:42,481] [lib.aruco_lib] [INFO] Ready for launch. Waiting for launch signal...
[2026-08-31 17:00:42,481] [lib.aruco_lib] [INFO] --- Starting Mission ---
[2026-08-31 17:00:42,481] [lib.drone_lib] [INFO] [MAV] Switching to GUIDED ...
[2026-08-31 17:00:43,485] [lib.drone_lib] [INFO] [MAV] Arming ...
[2026-08-31 17:00:43,681] [lib.drone_lib] [INFO] [MAV] Armed.
[2026-08-31 17:00:43,681] [lib.drone_lib] [INFO] [MAV] Taking off to 2.0 m ...
[2026-08-31 17:00:49,236] [lib.drone_lib] [INFO] [MAV] Reached 1.9 m.
[2026-08-31 17:00:54,246] [lib.aruco_lib] [INFO] Detected ArUCO 102 with offset (np.float64(-0.12980835681402944), np.float64(0.20338539936883074), np.float64(2.005223375055412)).
[2026-08-31 17:00:54,250] [lib.aruco_lib] [INFO] Landing ArUco (102) detected at camera offset: [-0.12980836  0.2033854   2.00522338]
[2026-08-31 17:00:54,250] [lib.aruco_lib] [INFO] Calculated Landing Pad NED: N=1.46, E=2.13
[2026-08-31 17:00:54,250] [lib.aruco_lib] [INFO] Moving to first waypoint
[2026-08-31 17:00:54,272] [lib.aruco_lib] [INFO] Detected ArUCO 102 with offset (np.float64(-0.1298588871015131), np.float64(0.20386016376933075), np.float64(2.0074252300782445)).
[2026-08-31 17:00:54,272] [lib.aruco_lib] [INFO] Landing ArUco (102) detected at camera offset: [-0.12985889  0.20386016  2.00742523]
[2026-08-31 17:00:54,272] [lib.aruco_lib] [INFO] Calculated Landing Pad NED: N=1.46, E=2.13
[2026-08-31 17:00:54,371] [lib.aruco_lib] [INFO] Detected ArUCO 102 with offset (np.float64(-0.13918865473966077), np.float64(0.20235157788645122), np.float64(2.008044999394966)).
[2026-08-31 17:00:54,371] [lib.aruco_lib] [INFO] Landing ArUco (102) detected at camera offset: [-0.13918865  0.20235158  2.008045  ]
[2026-08-31 17:00:54,371] [lib.aruco_lib] [INFO] Calculated Landing Pad NED: N=1.46, E=2.12
[2026-08-31 17:00:54,477] [lib.aruco_lib] [INFO] Detected ArUCO 102 with offset (np.float64(-0.19681493881036793), np.float64(0.18963633495446675), np.float64(1.9985386216357637)).
[2026-08-31 17:00:54,478] [lib.aruco_lib] [INFO] Landing ArUco (102) detected at camera offset: [-0.19681494  0.18963633  1.99853862]
[2026-08-31 17:00:54,478] [lib.aruco_lib] [INFO] Calculated Landing Pad NED: N=1.46, E=2.06
[2026-08-31 17:00:54,565] [lib.aruco_lib] [INFO] Detected ArUCO 102 with offset (np.float64(-0.2877487080427282), np.float64(0.16648805420686627), np.float64(1.98100481864476)).
[2026-08-31 17:00:54,565] [lib.aruco_lib] [INFO] Landing ArUco (102) detected at camera offset: [-0.28774871  0.16648805  1.98100482]
[2026-08-31 17:00:54,566] [lib.aruco_lib] [INFO] Calculated Landing Pad NED: N=1.47, E=1.97
[2026-08-31 17:00:54,665] [lib.aruco_lib] [INFO] Detected ArUCO 102 with offset (np.float64(-0.39504590914076515), np.float64(0.14154866556748313), np.float64(1.9565281634804095)).
[2026-08-31 17:00:54,666] [lib.aruco_lib] [INFO] Landing ArUco (102) detected at camera offset: [-0.39504591  0.14154867  1.95652816]
[2026-08-31 17:00:54,666] [lib.aruco_lib] [INFO] Calculated Landing Pad NED: N=1.47, E=1.86
[2026-08-31 17:00:54,770] [lib.aruco_lib] [INFO] Detected ArUCO 102 with offset (np.float64(-0.4932777089987119), np.float64(0.1173642725943724), np.float64(1.9230151999470477)).
[2026-08-31 17:00:54,770] [lib.aruco_lib] [INFO] Landing ArUco (102) detected at camera offset: [-0.49327771  0.11736427  1.9230152 ]
[2026-08-31 17:00:54,770] [lib.aruco_lib] [INFO] Calculated Landing Pad NED: N=1.49, E=1.76
[2026-08-31 17:00:54,900] [lib.aruco_lib] [INFO] Detected ArUCO 102 with offset (np.float64(-0.5628232546013339), np.float64(0.09701374037975467), np.float64(1.88127515537296)).
[2026-08-31 17:00:54,900] [lib.aruco_lib] [INFO] Landing ArUco (102) detected at camera offset: [-0.56282325  0.09701374  1.88127516]
[2026-08-31 17:00:54,901] [lib.aruco_lib] [INFO] Calculated Landing Pad NED: N=1.50, E=1.69
[2026-08-31 17:00:55,002] [lib.aruco_lib] [INFO] Detected ArUCO 102 with offset (np.float64(-0.5583908627363389), np.float64(0.09351527519268552), np.float64(1.8475298507105737)).
[2026-08-31 17:00:55,002] [lib.aruco_lib] [INFO] Landing ArUco (102) detected at camera offset: [-0.55839086  0.09351528  1.84752985]
[2026-08-31 17:00:55,002] [lib.aruco_lib] [INFO] Calculated Landing Pad NED: N=1.51, E=1.68
[2026-08-31 17:00:55,100] [lib.aruco_lib] [INFO] Detected ArUCO 102 with offset (np.float64(-0.4932318574303437), np.float64(0.10974858922576633), np.float64(1.8415195952062102)).
[2026-08-31 17:00:55,100] [lib.aruco_lib] [INFO] Landing ArUco (102) detected at camera offset: [-0.49323186  0.10974859  1.8415196 ]
[2026-08-31 17:00:55,100] [lib.aruco_lib] [INFO] Calculated Landing Pad NED: N=1.50, E=1.76
[2026-08-31 17:00:55,208] [lib.aruco_lib] [INFO] Detected ArUCO 102 with offset (np.float64(-0.3729223831459746), np.float64(0.1409147811169738), np.float64(1.849243169689573)).
[2026-08-31 17:00:55,208] [lib.aruco_lib] [INFO] Landing ArUco (102) detected at camera offset: [-0.37292238  0.14091478  1.84924317]
[2026-08-31 17:00:55,208] [lib.aruco_lib] [INFO] Calculated Landing Pad NED: N=1.49, E=1.88
[2026-08-31 17:00:55,310] [lib.aruco_lib] [INFO] Detected ArUCO 102 with offset (np.float64(-0.20333096639969606), np.float64(0.1870987031582867), np.float64(1.8683890775084842)).
[2026-08-31 17:00:55,311] [lib.aruco_lib] [INFO] Landing ArUco (102) detected at camera offset: [-0.20333097  0.1870987   1.86838908]
[2026-08-31 17:00:55,311] [lib.aruco_lib] [INFO] Calculated Landing Pad NED: N=1.49, E=2.00
[2026-08-31 17:00:55,400] [lib.aruco_lib] [INFO] Detected ArUCO 102 with offset (np.float64(0.046060255331412316), np.float64(0.2502532233525256), np.float64(1.9068367136272102)).
[2026-08-31 17:00:55,400] [lib.aruco_lib] [INFO] Landing ArUco (102) detected at camera offset: [0.04606026 0.25025322 1.90683671]
[2026-08-31 17:00:55,400] [lib.aruco_lib] [INFO] Calculated Landing Pad NED: N=1.50, E=1.66
[2026-08-31 17:00:57,314] [lib.aruco_lib] [INFO] Reached search waypoint 0
[2026-08-31 17:00:59,826] [lib.aruco_lib] [INFO] Detected ArUCO 102 with offset (np.float64(0.09968311231229654), np.float64(0.49065303449265923), np.float64(1.9182931450678453)).
[2026-08-31 17:00:59,827] [lib.aruco_lib] [INFO] Landing ArUco (102) detected at camera offset: [0.09968311 0.49065303 1.91829315]
[2026-08-31 17:00:59,827] [lib.aruco_lib] [INFO] Calculated Landing Pad NED: N=1.47, E=1.85
[2026-08-31 17:01:00,329] [lib.aruco_lib] [INFO] Detected ArUCO 102 with offset (np.float64(-0.5276932584651984), np.float64(0.3910997583362514), np.float64(1.8139058553225829)).
[2026-08-31 17:01:00,329] [lib.aruco_lib] [INFO] Landing ArUco (102) detected at camera offset: [-0.52769326  0.39109976  1.81390586]
[2026-08-31 17:01:00,329] [lib.aruco_lib] [INFO] Calculated Landing Pad NED: N=1.58, E=1.74
[2026-08-31 17:01:00,831] [lib.aruco_lib] [INFO] Detected ArUCO 102 with offset (np.float64(-0.5586655691801747), np.float64(0.41287015597626653), np.float64(1.7933714625085708)).
[2026-08-31 17:01:00,831] [lib.aruco_lib] [INFO] Landing ArUco (102) detected at camera offset: [-0.55866557  0.41287016  1.79337146]
[2026-08-31 17:01:00,831] [lib.aruco_lib] [INFO] Calculated Landing Pad NED: N=1.59, E=1.79
[2026-08-31 17:01:01,334] [lib.aruco_lib] [INFO] Detected ArUCO 102 with offset (np.float64(-0.24674726149183204), np.float64(0.5150916262725327), np.float64(1.8468532498981518)).
[2026-08-31 17:01:01,334] [lib.aruco_lib] [INFO] Landing ArUco (102) detected at camera offset: [-0.24674726  0.51509163  1.84685325]
[2026-08-31 17:01:01,334] [lib.aruco_lib] [INFO] Calculated Landing Pad NED: N=1.50, E=1.94
[2026-08-31 17:01:01,834] [lib.aruco_lib] [INFO] Detected ArUCO 102 with offset (np.float64(0.02663873882489784), np.float64(0.5476200202914212), np.float64(1.8503390516432965)).
[2026-08-31 17:01:01,834] [lib.aruco_lib] [INFO] Landing ArUco (102) detected at camera offset: [0.02663874 0.54762002 1.85033905]
[2026-08-31 17:01:01,834] [lib.aruco_lib] [INFO] Calculated Landing Pad NED: N=1.47, E=2.05
[2026-08-31 17:01:01,835] [lib.aruco_lib] [INFO] Reached search waypoint 1
[2026-08-31 17:01:02,338] [lib.aruco_lib] [INFO] Detected ArUCO 102 with offset (np.float64(0.1281228170985952), np.float64(0.5687292533497247), np.float64(1.8451646070286767)).
[2026-08-31 17:01:02,339] [lib.aruco_lib] [INFO] Landing ArUco (102) detected at camera offset: [0.12812282 0.56872925 1.84516461]
[2026-08-31 17:01:02,339] [lib.aruco_lib] [INFO] Calculated Landing Pad NED: N=1.44, E=2.07
[2026-08-31 17:01:03,340] [lib.aruco_lib] [INFO] Detected ArUCO 102 with offset (np.float64(0.1498888694824696), np.float64(0.1369381104335027), np.float64(1.866353935923643)).
[2026-08-31 17:01:03,340] [lib.aruco_lib] [INFO] Landing ArUco (102) detected at camera offset: [0.14988887 0.13693811 1.86635394]
[2026-08-31 17:01:03,340] [lib.aruco_lib] [INFO] Calculated Landing Pad NED: N=0.70, E=2.12
[2026-08-31 17:01:04,852] [lib.aruco_lib] [INFO] Reached search waypoint 2
[2026-08-31 17:01:07,941] [lib.aruco_lib] [INFO] Reached search waypoint 3
[2026-08-31 17:01:10,955] [lib.aruco_lib] [INFO] Reached search waypoint 4
[2026-08-31 17:01:11,275] [lib.aruco_lib] [INFO] Reached search waypoint 4
[2026-08-31 17:01:11,276] [lib.aruco_lib] [INFO] Centering over landing target: (1.48, 1.92)
[2026-08-31 17:01:14,539] [lib.aruco_lib] [INFO] Detected ArUCO 102 with offset (np.float64(-0.1475895348987826), np.float64(-0.07987831202620645), np.float64(1.8225909104699964)).
[2026-08-31 17:01:14,540] [lib.aruco_lib] [INFO] Aligning complete. Distance: 0.16781899637345876m
[2026-08-31 17:01:14,540] [lib.aruco_lib] [INFO] Approach finalised, landing...
[2026-08-31 17:01:14,541] [lib.drone_lib] [INFO] [MAV] Switching to LAND mode – PLND active.
[2026-08-31 17:01:14,541] [lib.drone_lib] [INFO] Telemetry Status: Armed=True, Estimated Alt=2.00m
[2026-08-31 17:01:15,546] [lib.drone_lib] [INFO] Telemetry Status: Armed=False, Estimated Alt=2.01m
[2026-08-31 17:01:15,546] [lib.status] [INFO] Checkpoint file cleared.
[2026-08-31 17:02:04,686] [lib.drone_lib] [INFO] [MAV] Connecting to tcp:localhost:5762 ...
[2026-08-31 17:02:04,697] [lib.drone_lib] [INFO] [MAV] Heartbeat from system 1, component 0
[2026-08-31 17:02:04,697] [lib.drone_lib] [INFO] [MAV] Telemetry streams requested @ 4.0 Hz. Waiting for GLOBAL_POSITION_INT ...
[2026-08-31 17:02:04,697] [lib.drone_lib] [INFO] [MAV] Position streaming OK. Alt=0.0 m
[2026-08-31 17:02:05,704] [lib.aruco_lib] [INFO] ==========================================
[2026-08-31 17:02:05,704] [lib.aruco_lib] [INFO]        ERC DRONE MISSION BOOTLOADER       
[2026-08-31 17:02:05,704] [lib.aruco_lib] [INFO] ==========================================
[2026-08-31 17:02:05,704] [lib.status] [INFO] No checkpoint found. Initializing fresh state.
[2026-08-31 17:02:05,704] [lib.drone_lib] [INFO] Telemetry Status: Armed=False, Estimated Alt=0.20m
[2026-08-31 17:02:05,704] [lib.aruco_lib] [INFO] Drone is grounded. Normal startup sequence.
[2026-08-31 17:02:05,704] [lib.aruco_lib] [INFO] Ready for launch. Waiting for launch signal...
[2026-08-31 17:02:05,704] [lib.aruco_lib] [INFO] --- Starting Mission ---
[2026-08-31 17:02:05,704] [lib.drone_lib] [INFO] [MAV] Switching to GUIDED ...
[2026-08-31 17:02:06,705] [lib.drone_lib] [INFO] [MAV] Arming ...
[2026-08-31 17:02:06,709] [lib.drone_lib] [INFO] [MAV] Armed.
[2026-08-31 17:02:06,709] [lib.drone_lib] [INFO] [MAV] Taking off to 2.0 m ...
[2026-08-31 17:02:12,512] [lib.drone_lib] [INFO] [MAV] Reached 1.9 m.
[2026-08-31 17:02:17,524] [lib.aruco_lib] [INFO] Detected ArUCO 102 with offset (np.float64(-0.13913225502834925), np.float64(-0.09778119211454919), np.float64(2.009139553850214)).
[2026-08-31 17:02:17,527] [lib.aruco_lib] [INFO] Landing ArUco (102) detected at camera offset: [-0.13913226 -0.09778119  2.00913955]
[2026-08-31 17:02:17,527] [lib.aruco_lib] [INFO] Calculated Landing Pad NED: N=1.48, E=2.11
[2026-08-31 17:02:17,528] [lib.aruco_lib] [INFO] Moving to first waypoint
[2026-08-31 17:02:17,589] [lib.aruco_lib] [INFO] Detected ArUCO 102 with offset (np.float64(-0.13913225502834925), np.float64(-0.09778119211454919), np.float64(2.009139553850214)).
[2026-08-31 17:02:17,590] [lib.aruco_lib] [INFO] Landing ArUco (102) detected at camera offset: [-0.13913226 -0.09778119  2.00913955]
[2026-08-31 17:02:17,590] [lib.aruco_lib] [INFO] Calculated Landing Pad NED: N=1.48, E=2.10
[2026-08-31 17:02:17,693] [lib.aruco_lib] [INFO] Detected ArUCO 102 with offset (np.float64(-0.16789666878705772), np.float64(-0.10616253837315834), np.float64(2.0089178115616977)).
[2026-08-31 17:02:17,693] [lib.aruco_lib] [INFO] Landing ArUco (102) detected at camera offset: [-0.16789667 -0.10616254  2.00891781]
[2026-08-31 17:02:17,694] [lib.aruco_lib] [INFO] Calculated Landing Pad NED: N=1.48, E=2.07
[2026-08-31 17:02:17,787] [lib.aruco_lib] [INFO] Detected ArUCO 102 with offset (np.float64(-0.24244710322056456), np.float64(-0.13216976028830504), np.float64(1.9920401815870383)).
[2026-08-31 17:02:17,787] [lib.aruco_lib] [INFO] Landing ArUco (102) detected at camera offset: [-0.2424471  -0.13216976  1.99204018]
[2026-08-31 17:02:17,787] [lib.aruco_lib] [INFO] Calculated Landing Pad NED: N=1.49, E=2.00
[2026-08-31 17:02:17,887] [lib.aruco_lib] [INFO] Detected ArUCO 102 with offset (np.float64(-0.3044651035182288), np.float64(-0.15905696735364722), np.float64(1.9719225990961093)).
[2026-08-31 17:02:17,887] [lib.aruco_lib] [INFO] Landing ArUco (102) detected at camera offset: [-0.3044651  -0.15905697  1.9719226 ]
[2026-08-31 17:02:17,887] [lib.aruco_lib] [INFO] Calculated Landing Pad NED: N=1.50, E=1.94
[2026-08-31 17:02:17,997] [lib.aruco_lib] [INFO] Detected ArUCO 102 with offset (np.float64(-0.316147423626987), np.float64(-0.16667041618910614), np.float64(1.9520451213833467)).
[2026-08-31 17:02:17,998] [lib.aruco_lib] [INFO] Landing ArUco (102) detected at camera offset: [-0.31614742 -0.16667042  1.95204512]
[2026-08-31 17:02:17,998] [lib.aruco_lib] [INFO] Calculated Landing Pad NED: N=1.51, E=1.92
[2026-08-31 17:02:18,107] [lib.aruco_lib] [INFO] Detected ArUCO 102 with offset (np.float64(-0.28970710481183476), np.float64(-0.15709351466125557), np.float64(1.9328503501996432)).
[2026-08-31 17:02:18,110] [lib.aruco_lib] [INFO] Landing ArUco (102) detected at camera offset: [-0.2897071  -0.15709351  1.93285035]
[2026-08-31 17:02:18,110] [lib.aruco_lib] [INFO] Calculated Landing Pad NED: N=1.50, E=1.95
[2026-08-31 17:02:18,188] [lib.aruco_lib] [INFO] Detected ArUCO 102 with offset (np.float64(-0.23563686766386058), np.float64(-0.13584714622721283), np.float64(1.909443909905793)).
[2026-08-31 17:02:18,189] [lib.aruco_lib] [INFO] Landing ArUco (102) detected at camera offset: [-0.23563687 -0.13584715  1.90944391]
[2026-08-31 17:02:18,189] [lib.aruco_lib] [INFO] Calculated Landing Pad NED: N=1.50, E=2.01
[2026-08-31 17:02:18,362] [lib.aruco_lib] [INFO] Detected ArUCO 102 with offset (np.float64(-0.17027284526383812), np.float64(-0.10911421761224839), np.float64(1.888214780896944)).
[2026-08-31 17:02:18,362] [lib.aruco_lib] [INFO] Landing ArUco (102) detected at camera offset: [-0.17027285 -0.10911422  1.88821478]
[2026-08-31 17:02:18,362] [lib.aruco_lib] [INFO] Calculated Landing Pad NED: N=1.48, E=2.08
[2026-08-31 17:02:18,475] [lib.aruco_lib] [INFO] Detected ArUCO 102 with offset (np.float64(-0.10005586481068093), np.float64(-0.08176185894819867), np.float64(1.8700402801002434)).
[2026-08-31 17:02:18,475] [lib.aruco_lib] [INFO] Landing ArUco (102) detected at camera offset: [-0.10005586 -0.08176186  1.87004028]
[2026-08-31 17:02:18,475] [lib.aruco_lib] [INFO] Calculated Landing Pad NED: N=1.47, E=2.17
[2026-08-31 17:02:18,580] [lib.aruco_lib] [INFO] Detected ArUCO 102 with offset (np.float64(-0.026415224146083667), np.float64(-0.05432098921669322), np.float64(1.8588004178088435)).
[2026-08-31 17:02:18,580] [lib.aruco_lib] [INFO] Landing ArUco (102) detected at camera offset: [-0.02641522 -0.05432099  1.85880042]
[2026-08-31 17:02:18,580] [lib.aruco_lib] [INFO] Calculated Landing Pad NED: N=1.46, E=2.23
[2026-08-31 17:02:18,659] [lib.aruco_lib] [INFO] Detected ArUCO 102 with offset (np.float64(0.0463156219676487), np.float64(-0.026070281790486392), np.float64(1.8320316904274234)).
[2026-08-31 17:02:18,662] [lib.aruco_lib] [INFO] Landing ArUco (102) detected at camera offset: [ 0.04631562 -0.02607028  1.83203169]
[2026-08-31 17:02:18,662] [lib.aruco_lib] [INFO] Calculated Landing Pad NED: N=1.45, E=2.29
[2026-08-31 17:02:18,763] [lib.aruco_lib] [INFO] Detected ArUCO 102 with offset (np.float64(0.11830455116789873), np.float64(0.0014521265939835865), np.float64(1.8197394654563896)).
[2026-08-31 17:02:18,763] [lib.aruco_lib] [INFO] Landing ArUco (102) detected at camera offset: [1.18304551e-01 1.45212659e-03 1.81973947e+00]
[2026-08-31 17:02:18,763] [lib.aruco_lib] [INFO] Calculated Landing Pad NED: N=1.45, E=2.14
[2026-08-31 17:02:19,120] [lib.aruco_lib] [INFO] Detected ArUCO 102 with offset (np.float64(0.32885051218262285), np.float64(0.07520494668729691), np.float64(1.818169003419728)).
[2026-08-31 17:02:19,120] [lib.aruco_lib] [INFO] Landing ArUco (102) detected at camera offset: [0.32885051 0.07520495 1.818169  ]
[2026-08-31 17:02:19,120] [lib.aruco_lib] [INFO] Calculated Landing Pad NED: N=1.42, E=2.04
[2026-08-31 17:02:19,626] [lib.aruco_lib] [INFO] Detected ArUCO 102 with offset (np.float64(0.6445273269484261), np.float64(0.1861503851756817), np.float64(1.855148213752605)).
[2026-08-31 17:02:19,629] [lib.aruco_lib] [INFO] Landing ArUco (102) detected at camera offset: [0.64452733 0.18615039 1.85514821]
[2026-08-31 17:02:19,629] [lib.aruco_lib] [INFO] Calculated Landing Pad NED: N=1.35, E=2.04
[2026-08-31 17:02:20,126] [lib.aruco_lib] [INFO] Detected ArUCO 102 with offset (np.float64(0.9106735636572949), np.float64(0.2823441466646327), np.float64(1.8598832938637773)).
[2026-08-31 17:02:20,126] [lib.aruco_lib] [INFO] Landing ArUco (102) detected at camera offset: [0.91067356 0.28234415 1.85988329]
[2026-08-31 17:02:20,126] [lib.aruco_lib] [INFO] Calculated Landing Pad NED: N=1.29, E=2.03
[2026-08-31 17:02:25,695] [lib.aruco_lib] [INFO] Reached search waypoint 0
[2026-08-31 17:02:32,250] [lib.aruco_lib] [INFO] Detected ArUCO 102 with offset (np.float64(0.833599023223705), np.float64(0.6997107253639883), np.float64(1.8563485695844661)).
[2026-08-31 17:02:32,253] [lib.aruco_lib] [INFO] Landing ArUco (102) detected at camera offset: [0.83359902 0.69971073 1.85634857]
[2026-08-31 17:02:32,253] [lib.aruco_lib] [INFO] Calculated Landing Pad NED: N=1.30, E=2.03
[2026-08-31 17:02:32,753] [lib.aruco_lib] [INFO] Detected ArUCO 102 with offset (np.float64(0.5482684805883734), np.float64(0.6391690379776792), np.float64(1.8707574992933333)).
[2026-08-31 17:02:32,757] [lib.aruco_lib] [INFO] Landing ArUco (102) detected at camera offset: [0.54826848 0.63916904 1.8707575 ]
[2026-08-31 17:02:32,757] [lib.aruco_lib] [INFO] Calculated Landing Pad NED: N=1.36, E=2.04
[2026-08-31 17:02:33,253] [lib.aruco_lib] [INFO] Detected ArUCO 102 with offset (np.float64(0.21097071705510415), np.float64(0.5596118694956569), np.float64(1.853842086392852)).
[2026-08-31 17:02:33,254] [lib.aruco_lib] [INFO] Landing ArUco (102) detected at camera offset: [0.21097072 0.55961187 1.85384209]
[2026-08-31 17:02:33,254] [lib.aruco_lib] [INFO] Calculated Landing Pad NED: N=1.44, E=2.00
[2026-08-31 17:02:33,759] [lib.aruco_lib] [INFO] Detected ArUCO 102 with offset (np.float64(-0.06663520522742078), np.float64(0.496128946621683), np.float64(1.8417803011392964)).
[2026-08-31 17:02:33,762] [lib.aruco_lib] [INFO] Landing ArUco (102) detected at camera offset: [-0.06663521  0.49612895  1.8417803 ]
[2026-08-31 17:02:33,763] [lib.aruco_lib] [INFO] Calculated Landing Pad NED: N=1.51, E=1.94
[2026-08-31 17:02:33,763] [lib.aruco_lib] [INFO] Reached search waypoint 1
[2026-08-31 17:02:34,261] [lib.aruco_lib] [INFO] Detected ArUCO 102 with offset (np.float64(-0.18199932625911125), np.float64(0.5132652368113998), np.float64(1.8167152071464063)).
[2026-08-31 17:02:34,262] [lib.aruco_lib] [INFO] Landing ArUco (102) detected at camera offset: [-0.18199933  0.51326524  1.81671521]
[2026-08-31 17:02:34,262] [lib.aruco_lib] [INFO] Calculated Landing Pad NED: N=1.47, E=1.94
[2026-08-31 17:02:34,792] [lib.aruco_lib] [INFO] Detected ArUCO 102 with offset (np.float64(-0.17932460151754817), np.float64(0.5055789664263274), np.float64(1.807401516521852)).
[2026-08-31 17:02:34,796] [lib.aruco_lib] [INFO] Landing ArUco (102) detected at camera offset: [-0.1793246   0.50557897  1.80740152]
[2026-08-31 17:02:34,796] [lib.aruco_lib] [INFO] Calculated Landing Pad NED: N=1.34, E=1.96
[2026-08-31 17:02:35,296] [lib.aruco_lib] [INFO] Detected ArUCO 102 with offset (np.float64(-0.06898885110284556), np.float64(0.15370868627467926), np.float64(1.8172505800620964)).
[2026-08-31 17:02:35,299] [lib.aruco_lib] [INFO] Landing ArUco (102) detected at camera offset: [-0.06898885  0.15370869  1.81725058]
[2026-08-31 17:02:35,299] [lib.aruco_lib] [INFO] Calculated Landing Pad NED: N=1.42, E=2.07
[2026-08-31 17:02:35,801] [lib.aruco_lib] [INFO] Detected ArUCO 102 with offset (np.float64(0.014265260457726043), np.float64(-0.1652829841365302), np.float64(1.8257557200772887)).
[2026-08-31 17:02:35,804] [lib.aruco_lib] [INFO] Landing ArUco (102) detected at camera offset: [ 0.01426526 -0.16528298  1.82575572]
[2026-08-31 17:02:35,804] [lib.aruco_lib] [INFO] Calculated Landing Pad NED: N=1.43, E=2.15
[2026-08-31 17:02:36,303] [lib.aruco_lib] [INFO] Detected ArUCO 102 with offset (np.float64(0.07413731403491663), np.float64(-0.45122809032164685), np.float64(1.8378613791665819)).
[2026-08-31 17:02:36,303] [lib.aruco_lib] [INFO] Landing ArUco (102) detected at camera offset: [ 0.07413731 -0.45122809  1.83786138]
[2026-08-31 17:02:36,303] [lib.aruco_lib] [INFO] Calculated Landing Pad NED: N=1.44, E=2.21
[2026-08-31 17:02:41,325] [lib.aruco_lib] [INFO] Reached search waypoint 2
[2026-08-31 17:02:48,851] [lib.aruco_lib] [INFO] Reached search waypoint 3
[2026-08-31 17:02:56,411] [lib.aruco_lib] [INFO] Reached search waypoint 4
[2026-08-31 17:02:56,659] [lib.aruco_lib] [INFO] Reached search waypoint 4
[2026-08-31 17:02:56,660] [lib.aruco_lib] [INFO] Centering over landing target: (1.45, 2.07)
[2026-08-31 17:02:59,936] [lib.aruco_lib] [WARNING] Target lost during alignment!
[2026-08-31 17:02:59,977] [lib.aruco_lib] [INFO] Centering over landing target: (1.45, 2.07)
[2026-08-31 17:03:03,000] [lib.aruco_lib] [INFO] Detected ArUCO 102 with offset (np.float64(0.951696214831819), np.float64(0.3534147830074628), np.float64(2.055730301336176)).
[2026-08-31 17:03:03,000] [lib.aruco_lib] [INFO] Aligning complete. Distance: 1.0151983521329335m
[2026-08-31 17:03:03,088] [lib.aruco_lib] [INFO] Detected ArUCO 102 with offset (np.float64(0.8855129592165311), np.float64(0.3272263239251557), np.float64(2.041917096949899)).
[2026-08-31 17:03:03,093] [lib.aruco_lib] [INFO] Landing ArUco (102) detected at camera offset: [0.88551296 0.32722632 2.0419171 ]
[2026-08-31 17:03:03,093] [lib.aruco_lib] [INFO] Calculated Landing Pad NED: N=1.77, E=0.65
[2026-08-31 17:03:03,094] [lib.aruco_lib] [INFO] Centering over landing target: (1.45, 2.06)
[2026-08-31 17:03:06,106] [lib.aruco_lib] [INFO] Detected ArUCO 102 with offset (np.float64(-0.08404913064217051), np.float64(-0.0986669382747548), np.float64(1.824115647421098)).
[2026-08-31 17:03:06,106] [lib.aruco_lib] [INFO] Aligning complete. Distance: 0.12961258067880185m
[2026-08-31 17:03:06,107] [lib.aruco_lib] [INFO] Approach finalised, landing...
[2026-08-31 17:03:06,107] [lib.drone_lib] [INFO] [MAV] Switching to LAND mode – PLND active.
[2026-08-31 17:03:06,108] [lib.drone_lib] [INFO] Telemetry Status: Armed=True, Estimated Alt=2.00m
[2026-08-31 17:03:07,111] [lib.drone_lib] [INFO] Telemetry Status: Armed=False, Estimated Alt=2.00m
[2026-08-31 17:03:07,111] [lib.status] [INFO] Checkpoint file cleared.
